Data,Categoria,Região,Receitas,Despesas,ID_Unico,Estrategia_Marketing,Margem (%) Calculada,Lucro Bruto Calculado,Ticket Médio Calculado,Probabilidade de Retorno Ajustada,Nivel_Satisfacao Ajustado,Margem Verificada
2023-01-01,Moda Feminina,Norte,4800.0,3120.0,ID_48043,36,35.0,1680.0,8000.0,0.4,1,35.0
2023-01-01,Moda Masculina,Norte,4480.0,3136.0,ID_39378,16,30.0,1344.0,7466.67,0.4,1,30.0
2023-01-01,Moda Infantil,Norte,3840.0,2880.0,ID_78786,16,25.0,960.0,6400.0,0.4,1,25.0
2023-01-01,Calçados,Norte,4160.0,2828.8,ID_26122,27,31.999999999999996,1331.1999999999998,6933.33,0.4,1,31.999999999999996
2023-01-01,Acessórios,Norte,3520.0,2534.4,ID_56961,10,27.999999999999996,985.5999999999999,5866.67,0.4,1,27.999999999999996
2023-01-01,Roupas Esportivas,Norte,5120.0,3072.0,ID_62270,5,40.0,2048.0,8533.33,0.4,1,40.0
2023-01-01,Roupas Íntimas,Norte,3840.0,2688.0,ID_41700,12,30.0,1152.0,6400.0,0.4,1,30.0
2023-01-01,Moda Feminina,Nordeste,5400.0,3510.0,ID_90510,48,35.0,1890.0,7714.29,0.4,1,35.0
2023-01-01,Moda Masculina,Nordeste,5040.0,3528.0,ID_44572,19,30.0,1512.0,7200.000000000001,0.4,1,30.0
2023-01-01,Moda Infantil,Nordeste,4320.0,3240.0,ID_83055,18,25.0,1080.0,6171.43,0.4,1,25.0
2023-01-01,Calçados,Nordeste,4680.0,3182.4,ID_57304,29,32.0,1497.6,6685.710000000001,0.4,1,32.0
2023-01-01,Acessórios,Nordeste,3960.0,2851.2,ID_36968,12,28.000000000000004,1108.8000000000002,5657.14,0.4,1,28.000000000000004
2023-01-01,Roupas Esportivas,Nordeste,5760.0,3456.0,ID_57800,5,40.0,2304.0,8228.57,0.4,1,40.0
2023-01-01,Roupas Íntimas,Nordeste,4320.0,3024.0,ID_93871,15,30.0,1296.0,6171.43,0.4,1,30.0
2023-01-01,Moda Feminina,Centro-Oeste,6000.0,3900.0,ID_75259,57,35.0,2100.0,7500.0,0.4,1,35.0
2023-01-01,Moda Masculina,Centro-Oeste,5600.0,3920.0,ID_75756,24,30.0,1680.0,7000.0,0.4,1,30.0
2023-01-01,Moda Infantil,Centro-Oeste,4800.0,3600.0,ID_28595,22,25.0,1200.0,6000.0,0.4,1,25.0
2023-01-01,Calçados,Centro-Oeste,5200.0,3536.0,ID_23052,36,32.0,1664.0,6500.0,0.4,1,32.0
2023-01-01,Acessórios,Centro-Oeste,4400.0,3168.0,ID_92205,15,28.000000000000004,1232.0,5500.0,0.4,1,28.000000000000004
2023-01-01,Roupas Esportivas,Centro-Oeste,6400.0,3840.0,ID_47937,6,40.0,2560.0,8000.0,0.4,2,40.0
2023-01-01,Roupas Íntimas,Centro-Oeste,4800.0,3360.0,ID_50569,19,30.0,1440.0,6000.0,0.4,1,30.0
2023-01-01,Moda Feminina,Sudeste,7200.0,4680.0,ID_10657,75,35.0,2520.0,8000.0,0.4,2,35.0
2023-01-01,Moda Masculina,Sudeste,6720.0,4704.0,ID_21128,29,30.0,2016.0,7466.67,0.4,1,30.0
2023-01-01,Moda Infantil,Sudeste,5760.0,4320.0,ID_11187,27,25.0,1440.0,6400.0,0.4,1,25.0
2023-01-01,Calçados,Sudeste,6240.0,4243.2,ID_62950,48,32.0,1996.8000000000002,6933.33,0.4,1,32.0
2023-01-01,Acessórios,Sudeste,5280.0,3801.6,ID_97291,18,28.000000000000004,1478.4,5866.67,0.4,1,28.000000000000004
2023-01-01,Roupas Esportivas,Sudeste,7680.0,4608.0,ID_68214,7,40.0,3072.0,8533.33,0.7,2,40.0
2023-01-01,Roupas Íntimas,Sudeste,5760.0,4032.0,ID_64914,23,30.0,1728.0,6400.0,0.4,1,30.0
2023-01-01,Moda Feminina,Sul,6600.0,4290.0,ID_59574,61,35.0,2310.0,7764.71,0.4,1,35.0
2023-01-01,Moda Masculina,Sul,6160.0,4312.0,ID_50721,28,30.0,1848.0,7247.06,0.4,1,30.0
2023-01-01,Moda Infantil,Sul,5280.0,3960.0,ID_45244,25,25.0,1320.0,6211.76,0.4,1,25.0
2023-01-01,Calçados,Sul,5720.0,3889.6,ID_96335,44,32.0,1830.4,6729.41,0.4,1,32.0
2023-01-01,Acessórios,Sul,4840.0,3484.8,ID_31297,17,27.999999999999996,1355.1999999999998,5694.12,0.4,1,27.999999999999996
2023-01-01,Roupas Esportivas,Sul,7040.0,4224.0,ID_20402,7,40.0,2816.0,8282.35,0.4,2,40.0
2023-01-01,Roupas Íntimas,Sul,5280.0,3696.0,ID_64341,19,30.0,1584.0,6211.76,0.4,1,30.0
2023-02-01,Moda Feminina,Norte,5400.0,3510.0,ID_37826,36,35.0,1890.0,9000.0,0.4,1,35.0
2023-02-01,Moda Masculina,Norte,5040.0,3528.0,ID_87106,16,30.0,1512.0,8400.0,0.4,1,30.0
2023-02-01,Moda Infantil,Norte,4320.0,3240.0,ID_38674,14,25.0,1080.0,7200.0,0.4,1,25.0
2023-02-01,Calçados,Norte,4680.0,3182.4,ID_43693,24,32.0,1497.6,7800.0,0.4,1,32.0
2023-02-01,Acessórios,Norte,3960.0,2851.2,ID_13102,9,28.000000000000004,1108.8000000000002,6600.0,0.4,1,28.000000000000004
2023-02-01,Roupas Esportivas,Norte,5760.0,3456.0,ID_29426,5,40.0,2304.0,9600.0,0.7,2,40.0
2023-02-01,Roupas Íntimas,Norte,4320.0,3024.0,ID_13943,11,30.0,1296.0,7200.0,0.4,1,30.0
2023-02-01,Moda Feminina,Nordeste,6075.0,3948.75,ID_90207,40,35.0,2126.25,8678.57,0.4,1,35.0
2023-02-01,Moda Masculina,Nordeste,5670.0,3969.0,ID_77056,19,30.0,1701.0,8100.000000000001,0.4,1,30.0
2023-02-01,Moda Infantil,Nordeste,4860.0,3645.0,ID_49122,17,25.0,1215.0,6942.860000000001,0.4,1,25.0
2023-02-01,Calçados,Nordeste,5265.0,3580.2,ID_27047,28,32.00000000000001,1684.8000000000002,7521.43,0.4,1,32.00000000000001
2023-02-01,Acessórios,Nordeste,4455.0,3207.6,ID_82120,11,28.000000000000004,1247.4,6364.29,0.4,1,28.000000000000004
2023-02-01,Roupas Esportivas,Nordeste,6480.0,3888.0,ID_25658,6,40.0,2592.0,9257.14,0.4,2,40.0
2023-02-01,Roupas Íntimas,Nordeste,4860.0,3402.0,ID_82809,14,30.0,1458.0,6942.860000000001,0.4,1,30.0
2023-02-01,Moda Feminina,Centro-Oeste,6750.0,4387.5,ID_42978,53,35.0,2362.5,8437.5,0.4,2,35.0
2023-02-01,Moda Masculina,Centro-Oeste,6300.0,4410.0,ID_90271,23,30.0,1890.0,7875.0,0.4,1,30.0
2023-02-01,Moda Infantil,Centro-Oeste,5400.0,4050.0,ID_40409,20,25.0,1350.0,6750.0,0.4,1,25.0
2023-02-01,Calçados,Centro-Oeste,5850.0,3978.0,ID_71504,36,32.0,1872.0,7312.5,0.4,1,32.0
2023-02-01,Acessórios,Centro-Oeste,4950.0,3564.0,ID_15311,13,28.000000000000004,1386.0,6187.5,0.4,1,28.000000000000004
2023-02-01,Roupas Esportivas,Centro-Oeste,7200.0,4320.0,ID_67389,7,40.0,2880.0,9000.0,0.4,2,40.0
2023-02-01,Roupas Íntimas,Centro-Oeste,5400.0,3780.0,ID_81266,17,30.0,1620.0,6750.0,0.4,1,30.0
2023-02-01,Moda Feminina,Sudeste,8100.0,5265.0,ID_24071,66,35.0,2835.0,9000.0,0.7,2,35.0
2023-02-01,Moda Masculina,Sudeste,7560.0,5292.0,ID_71424,29,30.0,2268.0,8400.0,0.7,2,30.0
2023-02-01,Moda Infantil,Sudeste,6480.0,4860.0,ID_59740,26,25.0,1620.0,7200.0,0.4,1,25.0
2023-02-01,Calçados,Sudeste,7020.0,4773.6,ID_92906,47,31.999999999999996,2246.3999999999996,7800.0,0.4,1,31.999999999999996
2023-02-01,Acessórios,Sudeste,5940.0,4276.8,ID_78605,17,27.999999999999996,1663.1999999999998,6600.0,0.4,1,27.999999999999996
2023-02-01,Roupas Esportivas,Sudeste,8640.0,5184.0,ID_21315,8,40.0,3456.0,9600.0,0.9,3,40.0
2023-02-01,Roupas Íntimas,Sudeste,6480.0,4536.0,ID_29539,22,30.0,1944.0,7200.0,0.4,1,30.0
2023-02-01,Moda Feminina,Sul,7425.0,4826.25,ID_37732,55,35.0,2598.75,8735.29,0.7,2,35.0
2023-02-01,Moda Masculina,Sul,6930.0,4851.0,ID_57520,27,30.0,2079.0,8152.94,0.4,1,30.0
2023-02-01,Moda Infantil,Sul,5940.0,4455.0,ID_72365,22,25.0,1485.0,6988.24,0.4,1,25.0
2023-02-01,Calçados,Sul,6435.0,4375.8,ID_95597,40,31.999999999999996,2059.2,7570.59,0.4,1,31.999999999999996
2023-02-01,Acessórios,Sul,5445.0,3920.4,ID_60944,16,27.999999999999996,1524.6,6405.88,0.4,1,27.999999999999996
2023-02-01,Roupas Esportivas,Sul,7920.0,4752.0,ID_65014,7,40.0,3168.0,9317.65,0.7,2,40.0
2023-02-01,Roupas Íntimas,Sul,5940.0,4158.0,ID_42855,20,30.0,1782.0,6988.24,0.4,1,30.0
2023-03-01,Moda Feminina,Norte,6000.0,3900.0,ID_92520,36,35.0,2100.0,10000.0,0.7,2,35.0
2023-03-01,Moda Masculina,Norte,5600.0,3920.0,ID_81934,17,30.0,1680.0,9333.33,0.4,1,30.0
2023-03-01,Moda Infantil,Norte,4800.0,3600.0,ID_26523,15,25.0,1200.0,8000.0,0.4,1,25.0
2023-03-01,Calçados,Norte,5200.0,3536.0,ID_53964,24,32.0,1664.0,8666.67,0.4,1,32.0
2023-03-01,Acessórios,Norte,4400.0,3168.0,ID_43857,10,28.000000000000004,1232.0,7333.329999999999,0.4,1,28.000000000000004
2023-03-01,Roupas Esportivas,Norte,6400.0,3840.0,ID_62852,6,40.0,2560.0,10666.67,0.7,2,40.0
2023-03-01,Roupas Íntimas,Norte,4800.0,3360.0,ID_10270,13,30.0,1440.0,8000.0,0.4,1,30.0
2023-03-01,Moda Feminina,Nordeste,6750.0,4387.5,ID_57288,44,35.0,2362.5,9642.86,0.7,2,35.0
2023-03-01,Moda Masculina,Nordeste,6300.0,4410.0,ID_95655,21,30.0,1890.0,9000.0,0.4,1,30.0
2023-03-01,Moda Infantil,Nordeste,5400.0,4050.0,ID_17952,19,25.0,1350.0,7714.29,0.4,1,25.0
2023-03-01,Calçados,Nordeste,5850.0,3978.0,ID_58449,29,32.0,1872.0,8357.14,0.4,1,32.0
2023-03-01,Acessórios,Nordeste,4950.0,3564.0,ID_74918,12,28.000000000000004,1386.0,7071.43,0.4,1,28.000000000000004
2023-03-01,Roupas Esportivas,Nordeste,7200.0,4320.0,ID_77790,7,40.0,2880.0,10285.71,0.7,2,40.0
2023-03-01,Roupas Íntimas,Nordeste,5400.0,3780.0,ID_17275,15,30.0,1620.0,7714.29,0.4,1,30.0
2023-03-01,Moda Feminina,Centro-Oeste,7500.0,4875.0,ID_73033,51,35.0,2625.0,9375.0,0.7,2,35.0
2023-03-01,Moda Masculina,Centro-Oeste,7000.0,4900.0,ID_54352,23,30.0,2100.0,8750.0,0.4,1,30.0
2023-03-01,Moda Infantil,Centro-Oeste,6000.0,4500.0,ID_57065,21,25.0,1500.0,7500.0,0.4,1,25.0
2023-03-01,Calçados,Centro-Oeste,6500.0,4420.0,ID_39989,37,32.0,2080.0,8125.0,0.4,1,32.0
2023-03-01,Acessórios,Centro-Oeste,5500.0,3960.0,ID_84936,14,28.000000000000004,1540.0,6875.0,0.4,1,28.000000000000004
2023-03-01,Roupas Esportivas,Centro-Oeste,8000.0,4800.0,ID_27845,8,40.0,3200.0,10000.0,0.9,3,40.0
2023-03-01,Roupas Íntimas,Centro-Oeste,6000.0,4200.0,ID_31396,17,30.0,1800.0,7500.0,0.4,1,30.0
2023-03-01,Moda Feminina,Sudeste,9000.0,5850.0,ID_58816,68,35.0,3150.0,10000.0,0.9,3,35.0
2023-03-01,Moda Masculina,Sudeste,8400.0,5880.0,ID_67745,30,30.0,2520.0,9333.33,0.7,2,30.0
2023-03-01,Moda Infantil,Sudeste,7200.0,5400.0,ID_68560,28,25.0,1800.0,8000.0,0.4,1,25.0
2023-03-01,Calçados,Sudeste,7800.0,5304.0,ID_19402,50,32.0,2496.0,8666.67,0.7,2,32.0
2023-03-01,Acessórios,Sudeste,6600.0,4752.0,ID_21589,19,28.000000000000004,1848.0,7333.33,0.4,1,28.000000000000004
2023-03-01,Roupas Esportivas,Sudeste,9600.0,5760.0,ID_56468,9,40.0,3840.0,10666.67,0.9,3,40.0
2023-03-01,Roupas Íntimas,Sudeste,7200.0,5040.0,ID_95925,22,30.0,2160.0,8000.0,0.4,1,30.0
2023-03-01,Moda Feminina,Sul,8250.0,5362.5,ID_47012,55,35.0,2887.5,9705.88,0.9,3,35.0
2023-03-01,Moda Masculina,Sul,7700.0,5390.0,ID_63361,25,30.0,2310.0,9058.82,0.7,2,30.0
2023-03-01,Moda Infantil,Sul,6600.0,4950.0,ID_64422,26,25.0,1650.0,7764.71,0.4,1,25.0
2023-03-01,Calçados,Sul,7150.0,4862.0,ID_59934,39,32.0,2288.0,8411.76,0.4,1,32.0
2023-03-01,Acessórios,Sul,6050.0,4356.0,ID_65490,16,28.000000000000004,1694.0,7117.65,0.4,1,28.000000000000004
2023-03-01,Roupas Esportivas,Sul,8800.0,5280.0,ID_29410,8,40.0,3520.0,10352.94,0.9,3,40.0
2023-03-01,Roupas Íntimas,Sul,6600.0,4620.0,ID_70074,21,30.0,1980.0,7764.71,0.4,1,30.0
2023-04-01,Moda Feminina,Norte,6600.0,4290.0,ID_72672,27,35.0,2310.0,11000.0,0.7,2,35.0
2023-04-01,Moda Masculina,Norte,6160.0,4312.0,ID_13647,14,30.0,1848.0,10266.67,0.7,2,30.0
2023-04-01,Moda Infantil,Norte,5280.0,3960.0,ID_88016,13,25.0,1320.0,8800.0,0.4,1,25.0
2023-04-01,Calçados,Norte,5720.0,3889.6,ID_50204,19,32.0,1830.4,9533.33,0.4,1,32.0
2023-04-01,Acessórios,Norte,4840.0,3484.8,ID_91812,9,27.999999999999996,1355.1999999999998,8066.67,0.4,1,27.999999999999996
2023-04-01,Roupas Esportivas,Norte,7040.0,4224.0,ID_30564,7,40.0,2816.0,11733.33,0.7,2,40.0
2023-04-01,Roupas Íntimas,Norte,5280.0,3696.0,ID_14844,10,30.0,1584.0,8800.0,0.4,1,30.0
2023-04-01,Moda Feminina,Nordeste,7425.0,4826.25,ID_80547,33,35.0,2598.75,10607.14,0.9,3,35.0
2023-04-01,Moda Masculina,Nordeste,6930.0,4851.0,ID_21520,17,30.0,2079.0,9900.0,0.7,2,30.0
2023-04-01,Moda Infantil,Nordeste,5940.0,4455.0,ID_33756,15,25.0,1485.0,8485.71,0.4,1,25.0
2023-04-01,Calçados,Nordeste,6435.0,4375.8,ID_20684,22,31.999999999999996,2059.2,9192.86,0.4,1,31.999999999999996
2023-04-01,Acessórios,Nordeste,5445.0,3920.4,ID_69046,10,27.999999999999996,1524.6,7778.57,0.4,1,27.999999999999996
2023-04-01,Roupas Esportivas,Nordeste,7920.0,4752.0,ID_29509,7,40.0,3168.0,11314.29,0.9,3,40.0
2023-04-01,Roupas Íntimas,Nordeste,5940.0,4158.0,ID_55886,13,30.0,1782.0,8485.71,0.4,1,30.0
2023-04-01,Moda Feminina,Centro-Oeste,8250.0,5362.5,ID_42790,38,35.0,2887.5,10312.5,0.9,3,35.0
2023-04-01,Moda Masculina,Centro-Oeste,7700.0,5390.0,ID_57517,21,30.0,2310.0,9625.0,0.9,2,30.0
2023-04-01,Moda Infantil,Centro-Oeste,6600.0,4950.0,ID_31729,19,25.0,1650.0,8250.0,0.4,1,25.0
2023-04-01,Calçados,Centro-Oeste,7150.0,4862.0,ID_64381,27,32.0,2288.0,8937.5,0.4,1,32.0
2023-04-01,Acessórios,Centro-Oeste,6050.0,4356.0,ID_26056,13,28.000000000000004,1694.0,7562.5,0.4,1,28.000000000000004
2023-04-01,Roupas Esportivas,Centro-Oeste,8800.0,5280.0,ID_56838,8,40.0,3520.0,11000.0,0.9,3,40.0
2023-04-01,Roupas Íntimas,Centro-Oeste,6600.0,4620.0,ID_19887,16,30.0,1980.0,8250.0,0.4,1,30.0
2023-04-01,Moda Feminina,Sudeste,9900.0,6435.0,ID_57688,52,35.0,3465.0,11000.0,0.9,3,35.0
2023-04-01,Moda Masculina,Sudeste,9240.0,6468.0,ID_19003,24,30.0,2772.0,10266.67,0.9,3,30.0
2023-04-01,Moda Infantil,Sudeste,7920.0,5940.0,ID_39244,23,25.0,1980.0,8800.0,0.7,1,25.0
2023-04-01,Calçados,Sudeste,8580.0,5834.4,ID_97878,38,32.00000000000001,2745.6000000000004,9533.33,0.7,2,32.00000000000001
2023-04-01,Acessórios,Sudeste,7260.0,5227.2,ID_85255,16,28.000000000000004,2032.8000000000002,8066.67,0.4,1,28.000000000000004
2023-04-01,Roupas Esportivas,Sudeste,10560.0,6336.0,ID_40310,10,40.0,4224.0,11733.33,0.9,3,40.0
2023-04-01,Roupas Íntimas,Sudeste,7920.0,5544.0,ID_26694,19,30.0,2376.0,8800.0,0.7,2,30.0
2023-04-01,Moda Feminina,Sul,9075.0,5898.75,ID_12938,44,35.0,3176.25,10676.47,0.9,3,35.0
2023-04-01,Moda Masculina,Sul,8470.0,5929.0,ID_78801,23,30.0,2541.0,9964.71,0.9,3,30.0
2023-04-01,Moda Infantil,Sul,7260.0,5445.0,ID_74649,20,25.0,1815.0,8541.18,0.4,1,25.0
2023-04-01,Calçados,Sul,7865.0,5348.2,ID_15370,30,32.0,2516.8,9252.94,0.7,2,32.0
2023-04-01,Acessórios,Sul,6655.0,4791.6,ID_11056,13,27.999999999999996,1863.3999999999996,7829.41,0.4,1,27.999999999999996
2023-04-01,Roupas Esportivas,Sul,9680.0,5808.0,ID_27052,9,40.0,3872.0,11388.24,0.9,3,40.0
2023-04-01,Roupas Íntimas,Sul,7260.0,5082.0,ID_48952,18,30.0,2178.0,8541.18,0.4,1,30.0
2023-05-01,Moda Feminina,Norte,6000.0,3900.0,ID_31305,25,35.0,2100.0,10000.0,0.7,2,35.0
2023-05-01,Moda Masculina,Norte,5600.0,3920.0,ID_75970,12,30.0,1680.0,9333.33,0.4,1,30.0
2023-05-01,Moda Infantil,Norte,4800.0,3600.0,ID_39510,11,25.0,1200.0,8000.0,0.4,1,25.0
2023-05-01,Calçados,Norte,5200.0,3536.0,ID_85875,18,32.0,1664.0,8666.67,0.4,1,32.0
2023-05-01,Acessórios,Norte,4400.0,3168.0,ID_57987,8,28.000000000000004,1232.0,7333.329999999999,0.4,1,28.000000000000004
2023-05-01,Roupas Esportivas,Norte,6400.0,3840.0,ID_93234,6,40.0,2560.0,10666.67,0.7,2,40.0
2023-05-01,Roupas Íntimas,Norte,4800.0,3360.0,ID_64802,11,30.0,1440.0,8000.0,0.4,1,30.0
2023-05-01,Moda Feminina,Nordeste,6750.0,4387.5,ID_40590,31,35.0,2362.5,9642.86,0.7,2,35.0
2023-05-01,Moda Masculina,Nordeste,6300.0,4410.0,ID_61075,15,30.0,1890.0,9000.0,0.4,1,30.0
2023-05-01,Moda Infantil,Nordeste,5400.0,4050.0,ID_84215,14,25.0,1350.0,7714.29,0.4,1,25.0
2023-05-01,Calçados,Nordeste,5850.0,3978.0,ID_13092,22,32.0,1872.0,8357.14,0.4,1,32.0
2023-05-01,Acessórios,Nordeste,4950.0,3564.0,ID_25503,10,28.000000000000004,1386.0,7071.43,0.4,1,28.000000000000004
2023-05-01,Roupas Esportivas,Nordeste,7200.0,4320.0,ID_77934,7,40.0,2880.0,10285.71,0.7,2,40.0
2023-05-01,Roupas Íntimas,Nordeste,5400.0,3780.0,ID_94798,12,30.0,1620.0,7714.29,0.4,1,30.0
2023-05-01,Moda Feminina,Centro-Oeste,7500.0,4875.0,ID_16239,36,35.0,2625.0,9375.0,0.7,2,35.0
2023-05-01,Moda Masculina,Centro-Oeste,7000.0,4900.0,ID_20092,19,30.0,2100.0,8750.0,0.4,1,30.0
2023-05-01,Moda Infantil,Centro-Oeste,6000.0,4500.0,ID_36489,18,25.0,1500.0,7500.0,0.4,1,25.0
2023-05-01,Calçados,Centro-Oeste,6500.0,4420.0,ID_18045,28,32.0,2080.0,8125.0,0.4,1,32.0
2023-05-01,Acessórios,Centro-Oeste,5500.0,3960.0,ID_67361,11,28.000000000000004,1540.0,6875.0,0.4,1,28.000000000000004
2023-05-01,Roupas Esportivas,Centro-Oeste,8000.0,4800.0,ID_80852,8,40.0,3200.0,10000.0,0.9,3,40.0
2023-05-01,Roupas Íntimas,Centro-Oeste,6000.0,4200.0,ID_20137,14,30.0,1800.0,7500.0,0.4,1,30.0
2023-05-01,Moda Feminina,Sudeste,9000.0,5850.0,ID_67682,48,35.0,3150.0,10000.0,0.9,3,35.0
2023-05-01,Moda Masculina,Sudeste,8400.0,5880.0,ID_87761,24,30.0,2520.0,9333.33,0.7,2,30.0
2023-05-01,Moda Infantil,Sudeste,7200.0,5400.0,ID_33801,22,25.0,1800.0,8000.0,0.4,1,25.0
2023-05-01,Calçados,Sudeste,7800.0,5304.0,ID_65785,33,32.0,2496.0,8666.67,0.7,2,32.0
2023-05-01,Acessórios,Sudeste,6600.0,4752.0,ID_71222,16,28.000000000000004,1848.0,7333.33,0.4,1,28.000000000000004
2023-05-01,Roupas Esportivas,Sudeste,9600.0,5760.0,ID_79475,9,40.0,3840.0,10666.67,0.9,3,40.0
2023-05-01,Roupas Íntimas,Sudeste,7200.0,5040.0,ID_97984,17,30.0,2160.0,8000.0,0.4,1,30.0
2023-05-01,Moda Feminina,Sul,8250.0,5362.5,ID_61878,40,35.0,2887.5,9705.88,0.9,3,35.0
2023-05-01,Moda Masculina,Sul,7700.0,5390.0,ID_99830,20,30.0,2310.0,9058.82,0.7,2,30.0
2023-05-01,Moda Infantil,Sul,6600.0,4950.0,ID_32189,19,25.0,1650.0,7764.71,0.4,1,25.0
2023-05-01,Calçados,Sul,7150.0,4862.0,ID_52332,32,32.0,2288.0,8411.76,0.4,1,32.0
2023-05-01,Acessórios,Sul,6050.0,4356.0,ID_21395,13,28.000000000000004,1694.0,7117.65,0.4,1,28.000000000000004
2023-05-01,Roupas Esportivas,Sul,8800.0,5280.0,ID_24914,8,40.0,3520.0,10352.94,0.9,3,40.0
2023-05-01,Roupas Íntimas,Sul,6600.0,4620.0,ID_64981,15,30.0,1980.0,7764.71,0.4,1,30.0
2023-06-01,Moda Feminina,Norte,6000.0,3900.0,ID_14690,32,35.0,2100.0,10000.0,0.7,2,35.0
2023-06-01,Moda Masculina,Norte,5600.0,3920.0,ID_59314,16,30.0,1680.0,9333.33,0.4,1,30.0
2023-06-01,Moda Infantil,Norte,4800.0,3600.0,ID_95680,14,25.0,1200.0,8000.0,0.4,1,25.0
2023-06-01,Calçados,Norte,5200.0,3536.0,ID_29740,21,32.0,1664.0,8666.67,0.4,1,32.0
2023-06-01,Acessórios,Norte,4400.0,3168.0,ID_41127,9,28.000000000000004,1232.0,7333.329999999999,0.4,1,28.000000000000004
2023-06-01,Roupas Esportivas,Norte,6400.0,3840.0,ID_37187,6,40.0,2560.0,10666.67,0.7,2,40.0
2023-06-01,Roupas Íntimas,Norte,4800.0,3360.0,ID_86665,12,30.0,1440.0,8000.0,0.4,1,30.0
2023-06-01,Moda Feminina,Nordeste,6750.0,4387.5,ID_32941,35,35.0,2362.5,9642.86,0.7,2,35.0
2023-06-01,Moda Masculina,Nordeste,6300.0,4410.0,ID_50857,17,30.0,1890.0,9000.0,0.4,1,30.0
2023-06-01,Moda Infantil,Nordeste,5400.0,4050.0,ID_81975,18,25.0,1350.0,7714.29,0.4,1,25.0
2023-06-01,Calçados,Nordeste,5850.0,3978.0,ID_64779,28,32.0,1872.0,8357.14,0.4,1,32.0
2023-06-01,Acessórios,Nordeste,4950.0,3564.0,ID_25889,11,28.000000000000004,1386.0,7071.43,0.4,1,28.000000000000004
2023-06-01,Roupas Esportivas,Nordeste,7200.0,4320.0,ID_22455,7,40.0,2880.0,10285.71,0.7,2,40.0
2023-06-01,Roupas Íntimas,Nordeste,5400.0,3780.0,ID_51209,14,30.0,1620.0,7714.29,0.4,1,30.0
2023-06-01,Moda Feminina,Centro-Oeste,7500.0,4875.0,ID_98845,44,35.0,2625.0,9375.0,0.7,2,35.0
2023-06-01,Moda Masculina,Centro-Oeste,7000.0,4900.0,ID_54137,21,30.0,2100.0,8750.0,0.4,1,30.0
2023-06-01,Moda Infantil,Centro-Oeste,6000.0,4500.0,ID_16805,21,25.0,1500.0,7500.0,0.4,1,25.0
2023-06-01,Calçados,Centro-Oeste,6500.0,4420.0,ID_15051,30,32.0,2080.0,8125.0,0.4,1,32.0
2023-06-01,Acessórios,Centro-Oeste,5500.0,3960.0,ID_74902,12,28.000000000000004,1540.0,6875.0,0.4,1,28.000000000000004
2023-06-01,Roupas Esportivas,Centro-Oeste,8000.0,4800.0,ID_65260,8,40.0,3200.0,10000.0,0.9,3,40.0
2023-06-01,Roupas Íntimas,Centro-Oeste,6000.0,4200.0,ID_67816,18,30.0,1800.0,7500.0,0.4,1,30.0
2023-06-01,Moda Feminina,Sudeste,9000.0,5850.0,ID_81250,54,35.0,3150.0,10000.0,0.9,3,35.0
2023-06-01,Moda Masculina,Sudeste,8400.0,5880.0,ID_33543,25,30.0,2520.0,9333.33,0.7,2,30.0
2023-06-01,Moda Infantil,Sudeste,7200.0,5400.0,ID_37618,24,25.0,1800.0,8000.0,0.4,1,25.0
2023-06-01,Calçados,Sudeste,7800.0,5304.0,ID_39360,40,32.0,2496.0,8666.67,0.7,2,32.0
2023-06-01,Acessórios,Sudeste,6600.0,4752.0,ID_28768,18,28.000000000000004,1848.0,7333.33,0.4,1,28.000000000000004
2023-06-01,Roupas Esportivas,Sudeste,9600.0,5760.0,ID_43060,9,40.0,3840.0,10666.67,0.9,3,40.0
2023-06-01,Roupas Íntimas,Sudeste,7200.0,5040.0,ID_58875,21,30.0,2160.0,8000.0,0.4,1,30.0
2023-06-01,Moda Feminina,Sul,8250.0,5362.5,ID_16235,48,35.0,2887.5,9705.88,0.9,3,35.0
2023-06-01,Moda Masculina,Sul,7700.0,5390.0,ID_51873,23,30.0,2310.0,9058.82,0.7,2,30.0
2023-06-01,Moda Infantil,Sul,6600.0,4950.0,ID_23684,23,25.0,1650.0,7764.71,0.4,1,25.0
2023-06-01,Calçados,Sul,7150.0,4862.0,ID_43513,34,32.0,2288.0,8411.76,0.4,1,32.0
2023-06-01,Acessórios,Sul,6050.0,4356.0,ID_21671,15,28.000000000000004,1694.0,7117.65,0.4,1,28.000000000000004
2023-06-01,Roupas Esportivas,Sul,8800.0,5280.0,ID_58412,8,40.0,3520.0,10352.94,0.9,3,40.0
2023-06-01,Roupas Íntimas,Sul,6600.0,4620.0,ID_36025,18,30.0,1980.0,7764.71,0.4,1,30.0
2023-07-01,Moda Feminina,Norte,5400.0,3510.0,ID_58012,43,35.0,1890.0,9000.0,0.4,1,35.0
2023-07-01,Moda Masculina,Norte,5040.0,3528.0,ID_74882,19,30.0,1512.0,8400.0,0.4,1,30.0
2023-07-01,Moda Infantil,Norte,4320.0,3240.0,ID_25833,18,25.0,1080.0,7200.0,0.4,1,25.0
2023-07-01,Calçados,Norte,4680.0,3182.4,ID_75130,29,32.0,1497.6,7800.0,0.4,1,32.0
2023-07-01,Acessórios,Norte,3960.0,2851.2,ID_57081,12,28.000000000000004,1108.8000000000002,6600.0,0.4,1,28.000000000000004
2023-07-01,Roupas Esportivas,Norte,5760.0,3456.0,ID_80678,5,40.0,2304.0,9600.0,0.7,2,40.0
2023-07-01,Roupas Íntimas,Norte,4320.0,3024.0,ID_84346,14,30.0,1296.0,7200.0,0.4,1,30.0
2023-07-01,Moda Feminina,Nordeste,6075.0,3948.75,ID_44618,51,35.0,2126.25,8678.57,0.4,1,35.0
2023-07-01,Moda Masculina,Nordeste,5670.0,3969.0,ID_94337,24,30.0,1701.0,8100.000000000001,0.4,1,30.0
2023-07-01,Moda Infantil,Nordeste,4860.0,3645.0,ID_86225,21,25.0,1215.0,6942.860000000001,0.4,1,25.0
2023-07-01,Calçados,Nordeste,5265.0,3580.2,ID_13807,36,32.00000000000001,1684.8000000000002,7521.43,0.4,1,32.00000000000001
2023-07-01,Acessórios,Nordeste,4455.0,3207.6,ID_69078,14,28.000000000000004,1247.4,6364.29,0.4,1,28.000000000000004
2023-07-01,Roupas Esportivas,Nordeste,6480.0,3888.0,ID_84872,6,40.0,2592.0,9257.14,0.4,2,40.0
2023-07-01,Roupas Íntimas,Nordeste,4860.0,3402.0,ID_91910,16,30.0,1458.0,6942.860000000001,0.4,1,30.0
2023-07-01,Moda Feminina,Centro-Oeste,6750.0,4387.5,ID_68804,63,35.0,2362.5,8437.5,0.4,2,35.0
2023-07-01,Moda Masculina,Centro-Oeste,6300.0,4410.0,ID_66545,27,30.0,1890.0,7875.0,0.4,1,30.0
2023-07-01,Moda Infantil,Centro-Oeste,5400.0,4050.0,ID_23830,25,25.0,1350.0,6750.0,0.4,1,25.0
2023-07-01,Calçados,Centro-Oeste,5850.0,3978.0,ID_35704,47,32.0,1872.0,7312.5,0.4,1,32.0
2023-07-01,Acessórios,Centro-Oeste,4950.0,3564.0,ID_40772,17,28.000000000000004,1386.0,6187.5,0.4,1,28.000000000000004
2023-07-01,Roupas Esportivas,Centro-Oeste,7200.0,4320.0,ID_70047,7,40.0,2880.0,9000.0,0.4,2,40.0
2023-07-01,Roupas Íntimas,Centro-Oeste,5400.0,3780.0,ID_91978,22,30.0,1620.0,6750.0,0.4,1,30.0
2023-07-01,Moda Feminina,Sudeste,8100.0,5265.0,ID_37620,88,35.0,2835.0,9000.0,0.7,2,35.0
2023-07-01,Moda Masculina,Sudeste,7560.0,5292.0,ID_50816,37,30.0,2268.0,8400.0,0.7,2,30.0
2023-07-01,Moda Infantil,Sudeste,6480.0,4860.0,ID_25971,34,25.0,1620.0,7200.0,0.4,1,25.0
2023-07-01,Calçados,Sudeste,7020.0,4773.6,ID_11873,60,31.999999999999996,2246.3999999999996,7800.0,0.4,1,31.999999999999996
2023-07-01,Acessórios,Sudeste,5940.0,4276.8,ID_21053,22,27.999999999999996,1663.1999999999998,6600.0,0.4,1,27.999999999999996
2023-07-01,Roupas Esportivas,Sudeste,8640.0,5184.0,ID_37725,8,40.0,3456.0,9600.0,0.9,3,40.0
2023-07-01,Roupas Íntimas,Sudeste,6480.0,4536.0,ID_22730,29,30.0,1944.0,7200.0,0.4,1,30.0
2023-07-01,Moda Feminina,Sul,7425.0,4826.25,ID_98124,74,35.0,2598.75,8735.29,0.7,2,35.0
2023-07-01,Moda Masculina,Sul,6930.0,4851.0,ID_44248,32,30.0,2079.0,8152.94,0.4,1,30.0
2023-07-01,Moda Infantil,Sul,5940.0,4455.0,ID_31566,30,25.0,1485.0,6988.24,0.4,1,25.0
2023-07-01,Calçados,Sul,6435.0,4375.8,ID_46016,50,31.999999999999996,2059.2,7570.59,0.4,1,31.999999999999996
2023-07-01,Acessórios,Sul,5445.0,3920.4,ID_54495,18,27.999999999999996,1524.6,6405.88,0.4,1,27.999999999999996
2023-07-01,Roupas Esportivas,Sul,7920.0,4752.0,ID_24651,7,40.0,3168.0,9317.65,0.7,2,40.0
2023-07-01,Roupas Íntimas,Sul,5940.0,4158.0,ID_91086,23,30.0,1782.0,6988.24,0.4,1,30.0
2023-08-01,Moda Feminina,Norte,6600.0,4290.0,ID_66526,39,35.0,2310.0,11000.0,0.7,2,35.0
2023-08-01,Moda Masculina,Norte,6160.0,4312.0,ID_62644,17,30.0,1848.0,10266.67,0.7,2,30.0
2023-08-01,Moda Infantil,Norte,5280.0,3960.0,ID_43887,17,25.0,1320.0,8800.0,0.4,1,25.0
2023-08-01,Calçados,Norte,5720.0,3889.6,ID_42666,27,32.0,1830.4,9533.33,0.4,1,32.0
2023-08-01,Acessórios,Norte,4840.0,3484.8,ID_14379,11,27.999999999999996,1355.1999999999998,8066.67,0.4,1,27.999999999999996
2023-08-01,Roupas Esportivas,Norte,7040.0,4224.0,ID_59802,7,40.0,2816.0,11733.33,0.7,2,40.0
2023-08-01,Roupas Íntimas,Norte,5280.0,3696.0,ID_21457,14,30.0,1584.0,8800.0,0.4,1,30.0
2023-08-01,Moda Feminina,Nordeste,7425.0,4826.25,ID_16090,45,35.0,2598.75,10607.14,0.9,3,35.0
2023-08-01,Moda Masculina,Nordeste,6930.0,4851.0,ID_17916,22,30.0,2079.0,9900.0,0.7,2,30.0
2023-08-01,Moda Infantil,Nordeste,5940.0,4455.0,ID_50412,19,25.0,1485.0,8485.71,0.4,1,25.0
2023-08-01,Calçados,Nordeste,6435.0,4375.8,ID_23462,31,31.999999999999996,2059.2,9192.86,0.4,1,31.999999999999996
2023-08-01,Acessórios,Nordeste,5445.0,3920.4,ID_67770,13,27.999999999999996,1524.6,7778.57,0.4,1,27.999999999999996
2023-08-01,Roupas Esportivas,Nordeste,7920.0,4752.0,ID_11584,7,40.0,3168.0,11314.29,0.9,3,40.0
2023-08-01,Roupas Íntimas,Nordeste,5940.0,4158.0,ID_76975,18,30.0,1782.0,8485.71,0.4,1,30.0
2023-08-01,Moda Feminina,Centro-Oeste,8250.0,5362.5,ID_19393,56,35.0,2887.5,10312.5,0.9,3,35.0
2023-08-01,Moda Masculina,Centro-Oeste,7700.0,5390.0,ID_48077,27,30.0,2310.0,9625.0,0.9,2,30.0
2023-08-01,Moda Infantil,Centro-Oeste,6600.0,4950.0,ID_12850,24,25.0,1650.0,8250.0,0.4,1,25.0
2023-08-01,Calçados,Centro-Oeste,7150.0,4862.0,ID_14085,39,32.0,2288.0,8937.5,0.4,1,32.0
2023-08-01,Acessórios,Centro-Oeste,6050.0,4356.0,ID_31398,16,28.000000000000004,1694.0,7562.5,0.4,1,28.000000000000004
2023-08-01,Roupas Esportivas,Centro-Oeste,8800.0,5280.0,ID_12727,8,40.0,3520.0,11000.0,0.9,3,40.0
2023-08-01,Roupas Íntimas,Centro-Oeste,6600.0,4620.0,ID_79846,19,30.0,1980.0,8250.0,0.4,1,30.0
2023-08-01,Moda Feminina,Sudeste,9900.0,6435.0,ID_50257,75,35.0,3465.0,11000.0,0.9,3,35.0
2023-08-01,Moda Masculina,Sudeste,9240.0,6468.0,ID_54820,35,30.0,2772.0,10266.67,0.9,3,30.0
2023-08-01,Moda Infantil,Sudeste,7920.0,5940.0,ID_82630,30,25.0,1980.0,8800.0,0.7,1,25.0
2023-08-01,Calçados,Sudeste,8580.0,5834.4,ID_46069,47,32.00000000000001,2745.6000000000004,9533.33,0.7,2,32.00000000000001
2023-08-01,Acessórios,Sudeste,7260.0,5227.2,ID_99087,19,28.000000000000004,2032.8000000000002,8066.67,0.4,1,28.000000000000004
2023-08-01,Roupas Esportivas,Sudeste,10560.0,6336.0,ID_92316,10,40.0,4224.0,11733.33,0.9,3,40.0
2023-08-01,Roupas Íntimas,Sudeste,7920.0,5544.0,ID_99269,25,30.0,2376.0,8800.0,0.7,2,30.0
2023-08-01,Moda Feminina,Sul,9075.0,5898.75,ID_35997,62,35.0,3176.25,10676.47,0.9,3,35.0
2023-08-01,Moda Masculina,Sul,8470.0,5929.0,ID_44425,29,30.0,2541.0,9964.71,0.9,3,30.0
2023-08-01,Moda Infantil,Sul,7260.0,5445.0,ID_40689,26,25.0,1815.0,8541.18,0.4,1,25.0
2023-08-01,Calçados,Sul,7865.0,5348.2,ID_44522,45,32.0,2516.8,9252.94,0.7,2,32.0
2023-08-01,Acessórios,Sul,6655.0,4791.6,ID_62687,17,27.999999999999996,1863.3999999999996,7829.41,0.4,1,27.999999999999996
2023-08-01,Roupas Esportivas,Sul,9680.0,5808.0,ID_64933,9,40.0,3872.0,11388.24,0.9,3,40.0
2023-08-01,Roupas Íntimas,Sul,7260.0,5082.0,ID_57303,22,30.0,2178.0,8541.18,0.4,1,30.0
2023-09-01,Moda Feminina,Norte,7200.0,4680.0,ID_98508,36,35.0,2520.0,12000.0,0.7,2,35.0
2023-09-01,Moda Masculina,Norte,6720.0,4704.0,ID_56255,16,30.0,2016.0,11200.0,0.7,2,30.0
2023-09-01,Moda Infantil,Norte,5760.0,4320.0,ID_16220,16,25.0,1440.0,9600.0,0.7,1,25.0
2023-09-01,Calçados,Norte,6240.0,4243.2,ID_31510,24,32.0,1996.8000000000002,10400.0,0.7,2,32.0
2023-09-01,Acessórios,Norte,5280.0,3801.6,ID_80494,11,28.000000000000004,1478.4,8800.0,0.4,1,28.000000000000004
2023-09-01,Roupas Esportivas,Norte,7680.0,4608.0,ID_49953,7,40.0,3072.0,12800.0,0.9,3,40.0
2023-09-01,Roupas Íntimas,Norte,5760.0,4032.0,ID_19356,14,30.0,1728.0,9600.0,0.7,2,30.0
2023-09-01,Moda Feminina,Nordeste,8100.0,5265.0,ID_34111,42,35.0,2835.0,11571.43,0.9,3,35.0
2023-09-01,Moda Masculina,Nordeste,7560.0,5292.0,ID_78864,22,30.0,2268.0,10800.0,0.9,2,30.0
2023-09-01,Moda Infantil,Nordeste,6480.0,4860.0,ID_35051,19,25.0,1620.0,9257.14,0.4,1,25.0
2023-09-01,Calçados,Nordeste,7020.0,4773.6,ID_31539,32,31.999999999999996,2246.3999999999996,10028.57,0.7,2,31.999999999999996
2023-09-01,Acessórios,Nordeste,5940.0,4276.8,ID_19469,14,27.999999999999996,1663.1999999999998,8485.71,0.4,1,27.999999999999996
2023-09-01,Roupas Esportivas,Nordeste,8640.0,5184.0,ID_92096,8,40.0,3456.0,12342.86,0.9,3,40.0
2023-09-01,Roupas Íntimas,Nordeste,6480.0,4536.0,ID_22444,15,30.0,1944.0,9257.14,0.4,1,30.0
2023-09-01,Moda Feminina,Centro-Oeste,9000.0,5850.0,ID_48670,52,35.0,3150.0,11250.0,0.9,3,35.0
2023-09-01,Moda Masculina,Centro-Oeste,8400.0,5880.0,ID_78118,25,30.0,2520.0,10500.0,0.9,3,30.0
2023-09-01,Moda Infantil,Centro-Oeste,7200.0,5400.0,ID_66732,23,25.0,1800.0,9000.0,0.4,1,25.0
2023-09-01,Calçados,Centro-Oeste,7800.0,5304.0,ID_61287,38,32.0,2496.0,9750.0,0.9,3,32.0
2023-09-01,Acessórios,Centro-Oeste,6600.0,4752.0,ID_73885,15,28.000000000000004,1848.0,8250.0,0.4,1,28.000000000000004
2023-09-01,Roupas Esportivas,Centro-Oeste,9600.0,5760.0,ID_74898,9,40.0,3840.0,12000.0,0.9,3,40.0
2023-09-01,Roupas Íntimas,Centro-Oeste,7200.0,5040.0,ID_73412,19,30.0,2160.0,9000.0,0.4,1,30.0
2023-09-01,Moda Feminina,Sudeste,10800.0,7020.0,ID_42118,63,35.0,3780.0,12000.0,0.9,3,35.0
2023-09-01,Moda Masculina,Sudeste,10080.0,7056.0,ID_72719,30,30.0,3024.0,11200.0,0.9,3,30.0
2023-09-01,Moda Infantil,Sudeste,8640.0,6480.0,ID_78907,29,25.0,2160.0,9600.0,0.9,2,25.0
2023-09-01,Calçados,Sudeste,9360.0,6364.8,ID_35767,51,32.0,2995.2,10400.0,0.9,3,32.0
2023-09-01,Acessórios,Sudeste,7920.0,5702.4,ID_42783,20,28.000000000000004,2217.6000000000004,8800.0,0.7,1,28.000000000000004
2023-09-01,Roupas Esportivas,Sudeste,11520.0,6912.0,ID_68620,11,40.0,4608.0,12800.0,0.9,3,40.0
2023-09-01,Roupas Íntimas,Sudeste,8640.0,6048.0,ID_31522,25,30.0,2592.0,9600.0,0.9,3,30.0
2023-09-01,Moda Feminina,Sul,9900.0,6435.0,ID_66105,55,35.0,3465.0,11647.06,0.9,3,35.0
2023-09-01,Moda Masculina,Sul,9240.0,6468.0,ID_91293,27,30.0,2772.0,10870.59,0.9,3,30.0
2023-09-01,Moda Infantil,Sul,7920.0,5940.0,ID_96075,26,25.0,1980.0,9317.65,0.7,1,25.0
2023-09-01,Calçados,Sul,8580.0,5834.4,ID_75888,44,32.00000000000001,2745.6000000000004,10094.12,0.9,3,32.00000000000001
2023-09-01,Acessórios,Sul,7260.0,5227.2,ID_84657,18,28.000000000000004,2032.8000000000002,8541.18,0.4,1,28.000000000000004
2023-09-01,Roupas Esportivas,Sul,10560.0,6336.0,ID_79169,10,40.0,4224.0,12423.53,0.9,3,40.0
2023-09-01,Roupas Íntimas,Sul,7920.0,5544.0,ID_73043,21,30.0,2376.0,9317.65,0.7,2,30.0
2023-10-01,Moda Feminina,Norte,7800.0,5070.0,ID_35083,57,35.0,2730.0,13000.0,0.9,3,35.0
2023-10-01,Moda Masculina,Norte,7280.0,5096.0,ID_40925,25,30.0,2184.0,12133.33,0.7,2,30.0
2023-10-01,Moda Infantil,Norte,6240.0,4680.0,ID_36805,24,25.0,1560.0,10400.0,0.7,1,25.0
2023-10-01,Calçados,Norte,6760.0,4596.8,ID_86759,40,31.999999999999996,2163.2,11266.67,0.7,2,31.999999999999996
2023-10-01,Acessórios,Norte,5720.0,4118.4,ID_98492,15,28.000000000000007,1601.6000000000004,9533.33,0.4,1,28.000000000000007
2023-10-01,Roupas Esportivas,Norte,8320.0,4992.0,ID_17119,8,40.0,3328.0,13866.67,0.9,3,40.0
2023-10-01,Roupas Íntimas,Norte,6240.0,4368.0,ID_72093,20,30.0,1872.0,10400.0,0.7,2,30.0
2023-10-01,Moda Feminina,Nordeste,8775.0,5703.75,ID_55415,63,35.0,3071.25,12535.71,0.9,3,35.0
2023-10-01,Moda Masculina,Nordeste,8190.0,5733.0,ID_88017,32,30.0,2457.0,11700.0,0.9,3,30.0
2023-10-01,Moda Infantil,Nordeste,7020.0,5265.0,ID_39800,27,25.0,1755.0,10028.57,0.7,1,25.0
2023-10-01,Calçados,Nordeste,7605.0,5171.4,ID_95746,52,32.00000000000001,2433.6000000000004,10864.29,0.9,3,32.00000000000001
2023-10-01,Acessórios,Nordeste,6435.0,4633.2,ID_40991,20,28.000000000000004,1801.8000000000002,9192.86,0.4,1,28.000000000000004
2023-10-01,Roupas Esportivas,Nordeste,9360.0,5616.0,ID_97628,9,40.0,3744.0,13371.43,0.9,3,40.0
2023-10-01,Roupas Íntimas,Nordeste,7020.0,4914.0,ID_63706,24,30.0,2106.0,10028.57,0.7,2,30.0
2023-10-01,Moda Feminina,Centro-Oeste,9750.0,6337.5,ID_22515,77,35.0,3412.5,12187.5,0.9,3,35.0
2023-10-01,Moda Masculina,Centro-Oeste,9100.0,6370.0,ID_46543,37,30.0,2730.0,11375.0,0.9,3,30.0
2023-10-01,Moda Infantil,Centro-Oeste,7800.0,5850.0,ID_87630,37,25.0,1950.0,9750.0,0.9,2,25.0
2023-10-01,Calçados,Centro-Oeste,8450.0,5746.0,ID_99026,60,32.0,2704.0,10562.5,0.9,3,32.0
2023-10-01,Acessórios,Centro-Oeste,7150.0,5148.0,ID_74392,21,28.000000000000004,2002.0,8937.5,0.4,1,28.000000000000004
2023-10-01,Roupas Esportivas,Centro-Oeste,10400.0,6240.0,ID_53011,10,40.0,4160.0,13000.0,0.9,3,40.0
2023-10-01,Roupas Íntimas,Centro-Oeste,7800.0,5460.0,ID_40537,29,30.0,2340.0,9750.0,0.9,2,30.0
2023-10-01,Moda Feminina,Sudeste,11700.0,7605.0,ID_70783,118,35.0,4095.0,13000.0,0.9,3,35.0
2023-10-01,Moda Masculina,Sudeste,10920.0,7644.0,ID_28468,50,30.0,3276.0,12133.33,0.9,3,30.0
2023-10-01,Moda Infantil,Sudeste,9360.0,7020.0,ID_85040,46,25.0,2340.0,10400.0,0.9,2,25.0
2023-10-01,Calçados,Sudeste,10140.0,6895.2,ID_30021,83,32.0,3244.8,11266.67,0.9,3,32.0
2023-10-01,Acessórios,Sudeste,8580.0,6177.6,ID_98175,29,27.999999999999996,2402.3999999999996,9533.33,0.7,2,27.999999999999996
2023-10-01,Roupas Esportivas,Sudeste,12480.0,7488.0,ID_62271,12,40.0,4992.0,13866.67,0.9,3,40.0
2023-10-01,Roupas Íntimas,Sudeste,9360.0,6552.0,ID_41402,37,30.0,2808.0,10400.0,0.9,3,30.0
2023-10-01,Moda Feminina,Sul,10725.0,6971.25,ID_64654,87,35.0,3753.75,12617.65,0.9,3,35.0
2023-10-01,Moda Masculina,Sul,10010.0,7007.0,ID_27590,39,30.0,3003.0,11776.47,0.9,3,30.0
2023-10-01,Moda Infantil,Sul,8580.0,6435.0,ID_65560,38,25.0,2145.0,10094.12,0.9,2,25.0
2023-10-01,Calçados,Sul,9295.0,6320.6,ID_28336,70,31.999999999999996,2974.3999999999996,10935.29,0.9,3,31.999999999999996
2023-10-01,Acessórios,Sul,7865.0,5662.8,ID_87183,26,27.999999999999996,2202.2,9252.94,0.7,1,27.999999999999996
2023-10-01,Roupas Esportivas,Sul,11440.0,6864.0,ID_30759,11,40.0,4576.0,13458.82,0.9,3,40.0
2023-10-01,Roupas Íntimas,Sul,8580.0,6006.0,ID_44686,29,30.0,2574.0,10094.12,0.9,3,30.0
2023-11-01,Moda Feminina,Norte,9000.0,5850.0,ID_66144,64,35.0,3150.0,15000.0,0.9,3,35.0
2023-11-01,Moda Masculina,Norte,8400.0,5880.0,ID_56073,29,30.0,2520.0,14000.0,0.9,3,30.0
2023-11-01,Moda Infantil,Norte,7200.0,5400.0,ID_98182,26,25.0,1800.0,12000.0,0.7,1,25.0
2023-11-01,Calçados,Norte,7800.0,5304.0,ID_58180,43,32.0,2496.0,13000.0,0.9,3,32.0
2023-11-01,Acessórios,Norte,6600.0,4752.0,ID_46071,17,28.000000000000004,1848.0,11000.0,0.7,1,28.000000000000004
2023-11-01,Roupas Esportivas,Norte,9600.0,5760.0,ID_18315,9,40.0,3840.0,16000.0,0.9,3,40.0
2023-11-01,Roupas Íntimas,Norte,7200.0,5040.0,ID_24270,22,30.0,2160.0,12000.0,0.7,2,30.0
2023-11-01,Moda Feminina,Nordeste,10125.0,6581.25,ID_55574,69,35.0,3543.75,14464.29,0.9,3,35.0
2023-11-01,Moda Masculina,Nordeste,9450.0,6615.0,ID_30268,35,30.0,2835.0,13500.0,0.9,3,30.0
2023-11-01,Moda Infantil,Nordeste,8100.0,6075.0,ID_68940,35,25.0,2025.0,11571.43,0.9,2,25.0
2023-11-01,Calçados,Nordeste,8775.0,5967.0,ID_19923,56,32.0,2808.0,12535.71,0.9,3,32.0
2023-11-01,Acessórios,Nordeste,7425.0,5346.0,ID_82167,21,28.000000000000004,2079.0,10607.14,0.9,2,28.000000000000004
2023-11-01,Roupas Esportivas,Nordeste,10800.0,6480.0,ID_62977,10,40.0,4320.0,15428.57,0.9,3,40.0
2023-11-01,Roupas Íntimas,Nordeste,8100.0,5670.0,ID_53298,26,30.0,2430.0,11571.43,0.9,3,30.0
2023-11-01,Moda Feminina,Centro-Oeste,11250.0,7312.5,ID_32138,91,35.0,3937.5,14062.5,0.9,3,35.0
2023-11-01,Moda Masculina,Centro-Oeste,10500.0,7350.0,ID_87597,38,30.0,3150.0,13125.0,0.9,3,30.0
2023-11-01,Moda Infantil,Centro-Oeste,9000.0,6750.0,ID_53907,41,25.0,2250.0,11250.0,0.9,2,25.0
2023-11-01,Calçados,Centro-Oeste,9750.0,6630.0,ID_45338,60,32.0,3120.0,12187.5,0.9,3,32.0
2023-11-01,Acessórios,Centro-Oeste,8250.0,5940.0,ID_25288,26,28.000000000000004,2310.0,10312.5,0.9,2,28.000000000000004
2023-11-01,Roupas Esportivas,Centro-Oeste,12000.0,7200.0,ID_38014,12,40.0,4800.0,15000.0,0.9,3,40.0
2023-11-01,Roupas Íntimas,Centro-Oeste,9000.0,6300.0,ID_23115,30,30.0,2700.0,11250.0,0.9,3,30.0
2023-11-01,Moda Feminina,Sudeste,13500.0,8775.0,ID_91629,112,35.0,4725.0,15000.0,0.9,3,35.0
2023-11-01,Moda Masculina,Sudeste,12600.0,8820.0,ID_47840,50,30.0,3780.0,14000.0,0.9,3,30.0
2023-11-01,Moda Infantil,Sudeste,10800.0,8100.0,ID_60697,46,25.0,2700.0,12000.0,0.9,2,25.0
2023-11-01,Calçados,Sudeste,11700.0,7956.0,ID_66538,82,32.0,3744.0,13000.0,0.9,3,32.0
2023-11-01,Acessórios,Sudeste,9900.0,7128.0,ID_18576,31,28.000000000000004,2772.0,11000.0,0.9,2,28.000000000000004
2023-11-01,Roupas Esportivas,Sudeste,14400.0,8640.0,ID_51740,14,40.0,5760.0,16000.0,0.9,3,40.0
2023-11-01,Roupas Íntimas,Sudeste,10800.0,7560.0,ID_34849,40,30.0,3240.0,12000.0,0.9,3,30.0
2023-11-01,Moda Feminina,Sul,12375.0,8043.75,ID_84354,105,35.0,4331.25,14558.82,0.9,3,35.0
2023-11-01,Moda Masculina,Sul,11550.0,8085.0,ID_92188,47,30.0,3465.0,13588.24,0.9,3,30.0
2023-11-01,Moda Infantil,Sul,9900.0,7425.0,ID_26560,45,25.0,2475.0,11647.06,0.9,2,25.0
2023-11-01,Calçados,Sul,10725.0,7293.0,ID_28571,64,32.0,3432.0,12617.65,0.9,3,32.0
2023-11-01,Acessórios,Sul,9075.0,6534.0,ID_20824,27,28.000000000000004,2541.0,10676.47,0.9,2,28.000000000000004
2023-11-01,Roupas Esportivas,Sul,13200.0,7920.0,ID_86352,13,40.0,5280.0,15529.409999999998,0.9,3,40.0
2023-11-01,Roupas Íntimas,Sul,9900.0,6930.0,ID_86636,36,30.0,2970.0,11647.06,0.9,3,30.0
2023-12-01,Moda Feminina,Norte,10200.0,6630.0,ID_68864,73,35.0,3570.0,17000.0,0.9,3,35.0
2023-12-01,Moda Masculina,Norte,9520.0,6664.0,ID_47633,31,30.0,2856.0,15866.67,0.9,3,30.0
2023-12-01,Moda Infantil,Norte,8160.0,6120.0,ID_24457,30,25.0,2040.0,13600.0,0.9,2,25.0
2023-12-01,Calçados,Norte,8840.0,6011.2,ID_47415,51,32.0,2828.8,14733.33,0.9,3,32.0
2023-12-01,Acessórios,Norte,7480.0,5385.6,ID_87682,21,27.999999999999996,2094.3999999999996,12466.669999999998,0.9,2,27.999999999999996
2023-12-01,Roupas Esportivas,Norte,10880.0,6528.0,ID_77835,10,40.0,4352.0,18133.33,0.9,3,40.0
2023-12-01,Roupas Íntimas,Norte,8160.0,5712.0,ID_13196,24,30.0,2448.0,13600.0,0.9,3,30.0
2023-12-01,Moda Feminina,Nordeste,11475.0,7458.75,ID_29376,80,35.0,4016.25,16392.86,0.9,3,35.0
2023-12-01,Moda Masculina,Nordeste,10710.0,7497.0,ID_68871,42,30.0,3213.0,15300.000000000002,0.9,3,30.0
2023-12-01,Moda Infantil,Nordeste,9180.0,6885.0,ID_39229,35,25.0,2295.0,13114.29,0.9,2,25.0
2023-12-01,Calçados,Nordeste,9945.0,6762.6,ID_82052,56,31.999999999999996,3182.3999999999996,14207.14,0.9,3,31.999999999999996
2023-12-01,Acessórios,Nordeste,8415.0,6058.8,ID_69389,25,27.999999999999996,2356.2,12021.43,0.9,2,27.999999999999996
2023-12-01,Roupas Esportivas,Nordeste,12240.0,7344.0,ID_95466,12,40.0,4896.0,17485.71,0.9,3,40.0
2023-12-01,Roupas Íntimas,Nordeste,9180.0,6426.0,ID_16284,30,30.0,2754.0,13114.29,0.9,3,30.0
2023-12-01,Moda Feminina,Centro-Oeste,12750.0,8287.5,ID_26762,97,35.0,4462.5,15937.5,0.9,3,35.0
2023-12-01,Moda Masculina,Centro-Oeste,11900.0,8330.0,ID_29354,45,30.0,3570.0,14875.0,0.9,3,30.0
2023-12-01,Moda Infantil,Centro-Oeste,10200.0,7650.0,ID_96657,46,25.0,2550.0,12750.0,0.9,2,25.0
2023-12-01,Calçados,Centro-Oeste,11050.0,7514.0,ID_51161,70,32.0,3536.0,13812.5,0.9,3,32.0
2023-12-01,Acessórios,Centro-Oeste,9350.0,6732.0,ID_36915,28,28.000000000000004,2618.0,11687.5,0.9,2,28.000000000000004
2023-12-01,Roupas Esportivas,Centro-Oeste,13600.0,8160.0,ID_91246,13,40.0,5440.0,17000.0,0.9,3,40.0
2023-12-01,Roupas Íntimas,Centro-Oeste,10200.0,7140.0,ID_30286,38,30.0,3060.0,12750.0,0.9,3,30.0
2023-12-01,Moda Feminina,Sudeste,15300.0,9945.0,ID_78013,146,35.0,5355.0,17000.0,0.9,3,35.0
2023-12-01,Moda Masculina,Sudeste,14280.0,9996.0,ID_84031,62,30.0,4284.0,15866.67,0.9,3,30.0
2023-12-01,Moda Infantil,Sudeste,12240.0,9180.0,ID_25194,60,25.0,3060.0,13600.0,0.9,2,25.0
2023-12-01,Calçados,Sudeste,13260.0,9016.8,ID_64940,100,32.00000000000001,4243.200000000001,14733.33,0.9,3,32.00000000000001
2023-12-01,Acessórios,Sudeste,11220.0,8078.4,ID_44977,36,28.000000000000004,3141.6000000000004,12466.67,0.9,2,28.000000000000004
2023-12-01,Roupas Esportivas,Sudeste,16320.0,9792.0,ID_71585,16,40.0,6528.0,18133.33,0.9,3,40.0
2023-12-01,Roupas Íntimas,Sudeste,12240.0,8568.0,ID_52324,47,30.0,3672.0,13600.0,0.9,3,30.0
2023-12-01,Moda Feminina,Sul,14025.0,9116.25,ID_64524,120,35.0,4908.75,16500.0,0.9,3,35.0
2023-12-01,Moda Masculina,Sul,13090.0,9163.0,ID_74302,56,30.0,3927.0,15400.0,0.9,3,30.0
2023-12-01,Moda Infantil,Sul,11220.0,8415.0,ID_98730,45,25.0,2805.0,13200.0,0.9,2,25.0
2023-12-01,Calçados,Sul,12155.0,8265.4,ID_11810,74,32.0,3889.6000000000004,14300.0,0.9,3,32.0
2023-12-01,Acessórios,Sul,10285.0,7405.2,ID_73631,30,28.000000000000004,2879.8,12100.0,0.9,2,28.000000000000004
2023-12-01,Roupas Esportivas,Sul,14960.0,8976.0,ID_44620,14,40.0,5984.0,17600.0,0.9,3,40.0
2023-12-01,Roupas Íntimas,Sul,11220.0,7854.0,ID_74380,37,30.0,3366.0,13200.0,0.9,3,30.0
2024-01-01,Moda Feminina,Norte,4800.0,3120.0,ID_95697,34,35.0,1680.0,8000.0,0.4,1,35.0
2024-01-01,Moda Masculina,Norte,4480.0,3136.0,ID_14132,15,30.0,1344.0,7466.67,0.4,1,30.0
2024-01-01,Moda Infantil,Norte,3840.0,2880.0,ID_69666,16,25.0,960.0,6400.0,0.4,1,25.0
2024-01-01,Calçados,Norte,4160.0,2828.8,ID_15865,24,31.999999999999996,1331.1999999999998,6933.33,0.4,1,31.999999999999996
2024-01-01,Acessórios,Norte,3520.0,2534.4,ID_13054,9,27.999999999999996,985.5999999999999,5866.67,0.4,1,27.999999999999996
2024-01-01,Roupas Esportivas,Norte,5120.0,3072.0,ID_93514,5,40.0,2048.0,8533.33,0.4,1,40.0
2024-01-01,Roupas Íntimas,Norte,3840.0,2688.0,ID_80468,12,30.0,1152.0,6400.0,0.4,1,30.0
2024-01-01,Moda Feminina,Nordeste,5400.0,3510.0,ID_67541,48,35.0,1890.0,7714.29,0.4,1,35.0
2024-01-01,Moda Masculina,Nordeste,5040.0,3528.0,ID_72428,20,30.0,1512.0,7200.000000000001,0.4,1,30.0
2024-01-01,Moda Infantil,Nordeste,4320.0,3240.0,ID_22989,18,25.0,1080.0,6171.43,0.4,1,25.0
2024-01-01,Calçados,Nordeste,4680.0,3182.4,ID_97903,33,32.0,1497.6,6685.710000000001,0.4,1,32.0
2024-01-01,Acessórios,Nordeste,3960.0,2851.2,ID_82679,11,28.000000000000004,1108.8000000000002,5657.14,0.4,1,28.000000000000004
2024-01-01,Roupas Esportivas,Nordeste,5760.0,3456.0,ID_94027,5,40.0,2304.0,8228.57,0.4,1,40.0
2024-01-01,Roupas Íntimas,Nordeste,4320.0,3024.0,ID_78616,15,30.0,1296.0,6171.43,0.4,1,30.0
2024-01-01,Moda Feminina,Centro-Oeste,6000.0,3900.0,ID_33697,49,35.0,2100.0,7500.0,0.4,1,35.0
2024-01-01,Moda Masculina,Centro-Oeste,5600.0,3920.0,ID_55125,25,30.0,1680.0,7000.0,0.4,1,30.0
2024-01-01,Moda Infantil,Centro-Oeste,4800.0,3600.0,ID_27761,22,25.0,1200.0,6000.0,0.4,1,25.0
2024-01-01,Calçados,Centro-Oeste,5200.0,3536.0,ID_81039,37,32.0,1664.0,6500.0,0.4,1,32.0
2024-01-01,Acessórios,Centro-Oeste,4400.0,3168.0,ID_43535,15,28.000000000000004,1232.0,5500.0,0.4,1,28.000000000000004
2024-01-01,Roupas Esportivas,Centro-Oeste,6400.0,3840.0,ID_79317,6,40.0,2560.0,8000.0,0.4,2,40.0
2024-01-01,Roupas Íntimas,Centro-Oeste,4800.0,3360.0,ID_21704,19,30.0,1440.0,6000.0,0.4,1,30.0
2024-01-01,Moda Feminina,Sudeste,7200.0,4680.0,ID_45806,66,35.0,2520.0,8000.0,0.4,2,35.0
2024-01-01,Moda Masculina,Sudeste,6720.0,4704.0,ID_22286,33,30.0,2016.0,7466.67,0.4,1,30.0
2024-01-01,Moda Infantil,Sudeste,5760.0,4320.0,ID_94802,29,25.0,1440.0,6400.0,0.4,1,25.0
2024-01-01,Calçados,Sudeste,6240.0,4243.2,ID_58856,49,32.0,1996.8000000000002,6933.33,0.4,1,32.0
2024-01-01,Acessórios,Sudeste,5280.0,3801.6,ID_80649,17,28.000000000000004,1478.4,5866.67,0.4,1,28.000000000000004
2024-01-01,Roupas Esportivas,Sudeste,7680.0,4608.0,ID_32214,7,40.0,3072.0,8533.33,0.7,2,40.0
2024-01-01,Roupas Íntimas,Sudeste,5760.0,4032.0,ID_20642,23,30.0,1728.0,6400.0,0.4,1,30.0
2024-01-01,Moda Feminina,Sul,6600.0,4290.0,ID_89906,59,35.0,2310.0,7764.71,0.4,1,35.0
2024-01-01,Moda Masculina,Sul,6160.0,4312.0,ID_79757,27,30.0,1848.0,7247.06,0.4,1,30.0
2024-01-01,Moda Infantil,Sul,5280.0,3960.0,ID_50649,26,25.0,1320.0,6211.76,0.4,1,25.0
2024-01-01,Calçados,Sul,5720.0,3889.6,ID_24571,39,32.0,1830.4,6729.41,0.4,1,32.0
2024-01-01,Acessórios,Sul,4840.0,3484.8,ID_33712,16,27.999999999999996,1355.1999999999998,5694.12,0.4,1,27.999999999999996
2024-01-01,Roupas Esportivas,Sul,7040.0,4224.0,ID_63659,7,40.0,2816.0,8282.35,0.4,2,40.0
2024-01-01,Roupas Íntimas,Sul,5280.0,3696.0,ID_40655,19,30.0,1584.0,6211.76,0.4,1,30.0
2024-02-01,Moda Feminina,Norte,5400.0,3510.0,ID_48980,32,35.0,1890.0,9000.0,0.4,1,35.0
2024-02-01,Moda Masculina,Norte,5040.0,3528.0,ID_59907,17,30.0,1512.0,8400.0,0.4,1,30.0
2024-02-01,Moda Infantil,Norte,4320.0,3240.0,ID_47076,14,25.0,1080.0,7200.0,0.4,1,25.0
2024-02-01,Calçados,Norte,4680.0,3182.4,ID_23440,25,32.0,1497.6,7800.0,0.4,1,32.0
2024-02-01,Acessórios,Norte,3960.0,2851.2,ID_19570,10,28.000000000000004,1108.8000000000002,6600.0,0.4,1,28.000000000000004
2024-02-01,Roupas Esportivas,Norte,5760.0,3456.0,ID_69528,5,40.0,2304.0,9600.0,0.7,2,40.0
2024-02-01,Roupas Íntimas,Norte,4320.0,3024.0,ID_37034,12,30.0,1296.0,7200.0,0.4,1,30.0
2024-02-01,Moda Feminina,Nordeste,6075.0,3948.75,ID_40371,42,35.0,2126.25,8678.57,0.4,1,35.0
2024-02-01,Moda Masculina,Nordeste,5670.0,3969.0,ID_32182,20,30.0,1701.0,8100.000000000001,0.4,1,30.0
2024-02-01,Moda Infantil,Nordeste,4860.0,3645.0,ID_61831,18,25.0,1215.0,6942.860000000001,0.4,1,25.0
2024-02-01,Calçados,Nordeste,5265.0,3580.2,ID_27385,27,32.00000000000001,1684.8000000000002,7521.43,0.4,1,32.00000000000001
2024-02-01,Acessórios,Nordeste,4455.0,3207.6,ID_29319,12,28.000000000000004,1247.4,6364.29,0.4,1,28.000000000000004
2024-02-01,Roupas Esportivas,Nordeste,6480.0,3888.0,ID_60649,6,40.0,2592.0,9257.14,0.4,2,40.0
2024-02-01,Roupas Íntimas,Nordeste,4860.0,3402.0,ID_27772,14,30.0,1458.0,6942.860000000001,0.4,1,30.0
2024-02-01,Moda Feminina,Centro-Oeste,6750.0,4387.5,ID_28012,48,35.0,2362.5,8437.5,0.4,2,35.0
2024-02-01,Moda Masculina,Centro-Oeste,6300.0,4410.0,ID_80042,21,30.0,1890.0,7875.0,0.4,1,30.0
2024-02-01,Moda Infantil,Centro-Oeste,5400.0,4050.0,ID_18648,21,25.0,1350.0,6750.0,0.4,1,25.0
2024-02-01,Calçados,Centro-Oeste,5850.0,3978.0,ID_88408,33,32.0,1872.0,7312.5,0.4,1,32.0
2024-02-01,Acessórios,Centro-Oeste,4950.0,3564.0,ID_11326,14,28.000000000000004,1386.0,6187.5,0.4,1,28.000000000000004
2024-02-01,Roupas Esportivas,Centro-Oeste,7200.0,4320.0,ID_62798,7,40.0,2880.0,9000.0,0.4,2,40.0
2024-02-01,Roupas Íntimas,Centro-Oeste,5400.0,3780.0,ID_67348,18,30.0,1620.0,6750.0,0.4,1,30.0
2024-02-01,Moda Feminina,Sudeste,8100.0,5265.0,ID_23177,67,35.0,2835.0,9000.0,0.7,2,35.0
2024-02-01,Moda Masculina,Sudeste,7560.0,5292.0,ID_51987,31,30.0,2268.0,8400.0,0.7,2,30.0
2024-02-01,Moda Infantil,Sudeste,6480.0,4860.0,ID_41388,28,25.0,1620.0,7200.0,0.4,1,25.0
2024-02-01,Calçados,Sudeste,7020.0,4773.6,ID_93715,46,31.999999999999996,2246.3999999999996,7800.0,0.4,1,31.999999999999996
2024-02-01,Acessórios,Sudeste,5940.0,4276.8,ID_66694,17,27.999999999999996,1663.1999999999998,6600.0,0.4,1,27.999999999999996
2024-02-01,Roupas Esportivas,Sudeste,8640.0,5184.0,ID_45827,8,40.0,3456.0,9600.0,0.9,3,40.0
2024-02-01,Roupas Íntimas,Sudeste,6480.0,4536.0,ID_91181,21,30.0,1944.0,7200.0,0.4,1,30.0
2024-02-01,Moda Feminina,Sul,7425.0,4826.25,ID_65724,56,35.0,2598.75,8735.29,0.7,2,35.0
2024-02-01,Moda Masculina,Sul,6930.0,4851.0,ID_68316,24,30.0,2079.0,8152.94,0.4,1,30.0
2024-02-01,Moda Infantil,Sul,5940.0,4455.0,ID_10623,22,25.0,1485.0,6988.24,0.4,1,25.0
2024-02-01,Calçados,Sul,6435.0,4375.8,ID_16369,39,31.999999999999996,2059.2,7570.59,0.4,1,31.999999999999996
2024-02-01,Acessórios,Sul,5445.0,3920.4,ID_88001,15,27.999999999999996,1524.6,6405.88,0.4,1,27.999999999999996
2024-02-01,Roupas Esportivas,Sul,7920.0,4752.0,ID_44974,7,40.0,3168.0,9317.65,0.7,2,40.0
2024-02-01,Roupas Íntimas,Sul,5940.0,4158.0,ID_31433,18,30.0,1782.0,6988.24,0.4,1,30.0
2024-03-01,Moda Feminina,Norte,6000.0,3900.0,ID_71765,33,35.0,2100.0,10000.0,0.7,2,35.0
2024-03-01,Moda Masculina,Norte,5600.0,3920.0,ID_11992,17,30.0,1680.0,9333.33,0.4,1,30.0
2024-03-01,Moda Infantil,Norte,4800.0,3600.0,ID_30623,16,25.0,1200.0,8000.0,0.4,1,25.0
2024-03-01,Calçados,Norte,5200.0,3536.0,ID_81096,25,32.0,1664.0,8666.67,0.4,1,32.0
2024-03-01,Acessórios,Norte,4400.0,3168.0,ID_76057,11,28.000000000000004,1232.0,7333.329999999999,0.4,1,28.000000000000004
2024-03-01,Roupas Esportivas,Norte,6400.0,3840.0,ID_48141,6,40.0,2560.0,10666.67,0.7,2,40.0
2024-03-01,Roupas Íntimas,Norte,4800.0,3360.0,ID_19978,13,30.0,1440.0,8000.0,0.4,1,30.0
2024-03-01,Moda Feminina,Nordeste,6750.0,4387.5,ID_70512,42,35.0,2362.5,9642.86,0.7,2,35.0
2024-03-01,Moda Masculina,Nordeste,6300.0,4410.0,ID_81491,19,30.0,1890.0,9000.0,0.4,1,30.0
2024-03-01,Moda Infantil,Nordeste,5400.0,4050.0,ID_99578,19,25.0,1350.0,7714.29,0.4,1,25.0
2024-03-01,Calçados,Nordeste,5850.0,3978.0,ID_55189,29,32.0,1872.0,8357.14,0.4,1,32.0
2024-03-01,Acessórios,Nordeste,4950.0,3564.0,ID_48296,12,28.000000000000004,1386.0,7071.43,0.4,1,28.000000000000004
2024-03-01,Roupas Esportivas,Nordeste,7200.0,4320.0,ID_92342,7,40.0,2880.0,10285.71,0.7,2,40.0
2024-03-01,Roupas Íntimas,Nordeste,5400.0,3780.0,ID_61428,16,30.0,1620.0,7714.29,0.4,1,30.0
2024-03-01,Moda Feminina,Centro-Oeste,7500.0,4875.0,ID_70513,50,35.0,2625.0,9375.0,0.7,2,35.0
2024-03-01,Moda Masculina,Centro-Oeste,7000.0,4900.0,ID_75379,23,30.0,2100.0,8750.0,0.4,1,30.0
2024-03-01,Moda Infantil,Centro-Oeste,6000.0,4500.0,ID_83050,22,25.0,1500.0,7500.0,0.4,1,25.0
2024-03-01,Calçados,Centro-Oeste,6500.0,4420.0,ID_24892,34,32.0,2080.0,8125.0,0.4,1,32.0
2024-03-01,Acessórios,Centro-Oeste,5500.0,3960.0,ID_98912,15,28.000000000000004,1540.0,6875.0,0.4,1,28.000000000000004
2024-03-01,Roupas Esportivas,Centro-Oeste,8000.0,4800.0,ID_67264,8,40.0,3200.0,10000.0,0.9,3,40.0
2024-03-01,Roupas Íntimas,Centro-Oeste,6000.0,4200.0,ID_35640,17,30.0,1800.0,7500.0,0.4,1,30.0
2024-03-01,Moda Feminina,Sudeste,9000.0,5850.0,ID_54836,63,35.0,3150.0,10000.0,0.9,3,35.0
2024-03-01,Moda Masculina,Sudeste,8400.0,5880.0,ID_71469,29,30.0,2520.0,9333.33,0.7,2,30.0
2024-03-01,Moda Infantil,Sudeste,7200.0,5400.0,ID_63162,30,25.0,1800.0,8000.0,0.4,1,25.0
2024-03-01,Calçados,Sudeste,7800.0,5304.0,ID_38437,45,32.0,2496.0,8666.67,0.7,2,32.0
2024-03-01,Acessórios,Sudeste,6600.0,4752.0,ID_45252,18,28.000000000000004,1848.0,7333.33,0.4,1,28.000000000000004
2024-03-01,Roupas Esportivas,Sudeste,9600.0,5760.0,ID_17982,9,40.0,3840.0,10666.67,0.9,3,40.0
2024-03-01,Roupas Íntimas,Sudeste,7200.0,5040.0,ID_56304,22,30.0,2160.0,8000.0,0.4,1,30.0
2024-03-01,Moda Feminina,Sul,8250.0,5362.5,ID_26098,57,35.0,2887.5,9705.88,0.9,3,35.0
2024-03-01,Moda Masculina,Sul,7700.0,5390.0,ID_56496,26,30.0,2310.0,9058.82,0.7,2,30.0
2024-03-01,Moda Infantil,Sul,6600.0,4950.0,ID_45511,24,25.0,1650.0,7764.71,0.4,1,25.0
2024-03-01,Calçados,Sul,7150.0,4862.0,ID_37932,37,32.0,2288.0,8411.76,0.4,1,32.0
2024-03-01,Acessórios,Sul,6050.0,4356.0,ID_39847,16,28.000000000000004,1694.0,7117.65,0.4,1,28.000000000000004
2024-03-01,Roupas Esportivas,Sul,8800.0,5280.0,ID_97858,8,40.0,3520.0,10352.94,0.9,3,40.0
2024-03-01,Roupas Íntimas,Sul,6600.0,4620.0,ID_23097,21,30.0,1980.0,7764.71,0.4,1,30.0
2024-04-01,Moda Feminina,Norte,6600.0,4290.0,ID_28298,28,35.0,2310.0,11000.0,0.7,2,35.0
2024-04-01,Moda Masculina,Norte,6160.0,4312.0,ID_20222,13,30.0,1848.0,10266.67,0.7,2,30.0
2024-04-01,Moda Infantil,Norte,5280.0,3960.0,ID_80624,13,25.0,1320.0,8800.0,0.4,1,25.0
2024-04-01,Calçados,Norte,5720.0,3889.6,ID_36985,19,32.0,1830.4,9533.33,0.4,1,32.0
2024-04-01,Acessórios,Norte,4840.0,3484.8,ID_56656,9,27.999999999999996,1355.1999999999998,8066.67,0.4,1,27.999999999999996
2024-04-01,Roupas Esportivas,Norte,7040.0,4224.0,ID_68322,7,40.0,2816.0,11733.33,0.7,2,40.0
2024-04-01,Roupas Íntimas,Norte,5280.0,3696.0,ID_32506,10,30.0,1584.0,8800.0,0.4,1,30.0
2024-04-01,Moda Feminina,Nordeste,7425.0,4826.25,ID_75039,36,35.0,2598.75,10607.14,0.9,3,35.0
2024-04-01,Moda Masculina,Nordeste,6930.0,4851.0,ID_31366,16,30.0,2079.0,9900.0,0.7,2,30.0
2024-04-01,Moda Infantil,Nordeste,5940.0,4455.0,ID_81758,16,25.0,1485.0,8485.71,0.4,1,25.0
2024-04-01,Calçados,Nordeste,6435.0,4375.8,ID_22700,22,31.999999999999996,2059.2,9192.86,0.4,1,31.999999999999996
2024-04-01,Acessórios,Nordeste,5445.0,3920.4,ID_36023,10,27.999999999999996,1524.6,7778.57,0.4,1,27.999999999999996
2024-04-01,Roupas Esportivas,Nordeste,7920.0,4752.0,ID_19790,7,40.0,3168.0,11314.29,0.9,3,40.0
2024-04-01,Roupas Íntimas,Nordeste,5940.0,4158.0,ID_50755,13,30.0,1782.0,8485.71,0.4,1,30.0
2024-04-01,Moda Feminina,Centro-Oeste,8250.0,5362.5,ID_90186,36,35.0,2887.5,10312.5,0.9,3,35.0
2024-04-01,Moda Masculina,Centro-Oeste,7700.0,5390.0,ID_80537,21,30.0,2310.0,9625.0,0.9,2,30.0
2024-04-01,Moda Infantil,Centro-Oeste,6600.0,4950.0,ID_63101,17,25.0,1650.0,8250.0,0.4,1,25.0
2024-04-01,Calçados,Centro-Oeste,7150.0,4862.0,ID_37197,31,32.0,2288.0,8937.5,0.4,1,32.0
2024-04-01,Acessórios,Centro-Oeste,6050.0,4356.0,ID_35507,13,28.000000000000004,1694.0,7562.5,0.4,1,28.000000000000004
2024-04-01,Roupas Esportivas,Centro-Oeste,8800.0,5280.0,ID_95774,8,40.0,3520.0,11000.0,0.9,3,40.0
2024-04-01,Roupas Íntimas,Centro-Oeste,6600.0,4620.0,ID_34046,16,30.0,1980.0,8250.0,0.4,1,30.0
2024-04-01,Moda Feminina,Sudeste,9900.0,6435.0,ID_27791,51,35.0,3465.0,11000.0,0.9,3,35.0
2024-04-01,Moda Masculina,Sudeste,9240.0,6468.0,ID_57416,24,30.0,2772.0,10266.67,0.9,3,30.0
2024-04-01,Moda Infantil,Sudeste,7920.0,5940.0,ID_70559,21,25.0,1980.0,8800.0,0.7,1,25.0
2024-04-01,Calçados,Sudeste,8580.0,5834.4,ID_80502,35,32.00000000000001,2745.6000000000004,9533.33,0.7,2,32.00000000000001
2024-04-01,Acessórios,Sudeste,7260.0,5227.2,ID_89718,16,28.000000000000004,2032.8000000000002,8066.67,0.4,1,28.000000000000004
2024-04-01,Roupas Esportivas,Sudeste,10560.0,6336.0,ID_88320,10,40.0,4224.0,11733.33,0.9,3,40.0
2024-04-01,Roupas Íntimas,Sudeste,7920.0,5544.0,ID_13987,19,30.0,2376.0,8800.0,0.7,2,30.0
2024-04-01,Moda Feminina,Sul,9075.0,5898.75,ID_25804,46,35.0,3176.25,10676.47,0.9,3,35.0
2024-04-01,Moda Masculina,Sul,8470.0,5929.0,ID_61350,22,30.0,2541.0,9964.71,0.9,3,30.0
2024-04-01,Moda Infantil,Sul,7260.0,5445.0,ID_47880,21,25.0,1815.0,8541.18,0.4,1,25.0
2024-04-01,Calçados,Sul,7865.0,5348.2,ID_77001,33,32.0,2516.8,9252.94,0.7,2,32.0
2024-04-01,Acessórios,Sul,6655.0,4791.6,ID_90125,15,27.999999999999996,1863.3999999999996,7829.41,0.4,1,27.999999999999996
2024-04-01,Roupas Esportivas,Sul,9680.0,5808.0,ID_48653,9,40.0,3872.0,11388.24,0.9,3,40.0
2024-04-01,Roupas Íntimas,Sul,7260.0,5082.0,ID_47127,17,30.0,2178.0,8541.18,0.4,1,30.0
2024-05-01,Moda Feminina,Norte,6000.0,3900.0,ID_64018,26,35.0,2100.0,10000.0,0.7,2,35.0
2024-05-01,Moda Masculina,Norte,5600.0,3920.0,ID_15554,12,30.0,1680.0,9333.33,0.4,1,30.0
2024-05-01,Moda Infantil,Norte,4800.0,3600.0,ID_10476,13,25.0,1200.0,8000.0,0.4,1,25.0
2024-05-01,Calçados,Norte,5200.0,3536.0,ID_54800,19,32.0,1664.0,8666.67,0.4,1,32.0
2024-05-01,Acessórios,Norte,4400.0,3168.0,ID_52801,9,28.000000000000004,1232.0,7333.329999999999,0.4,1,28.000000000000004
2024-05-01,Roupas Esportivas,Norte,6400.0,3840.0,ID_24135,6,40.0,2560.0,10666.67,0.7,2,40.0
2024-05-01,Roupas Íntimas,Norte,4800.0,3360.0,ID_41373,10,30.0,1440.0,8000.0,0.4,1,30.0
2024-05-01,Moda Feminina,Nordeste,6750.0,4387.5,ID_67804,31,35.0,2362.5,9642.86,0.7,2,35.0
2024-05-01,Moda Masculina,Nordeste,6300.0,4410.0,ID_20903,15,30.0,1890.0,9000.0,0.4,1,30.0
2024-05-01,Moda Infantil,Nordeste,5400.0,4050.0,ID_81144,15,25.0,1350.0,7714.29,0.4,1,25.0
2024-05-01,Calçados,Nordeste,5850.0,3978.0,ID_28082,25,32.0,1872.0,8357.14,0.4,1,32.0
2024-05-01,Acessórios,Nordeste,4950.0,3564.0,ID_41809,10,28.000000000000004,1386.0,7071.43,0.4,1,28.000000000000004
2024-05-01,Roupas Esportivas,Nordeste,7200.0,4320.0,ID_60603,7,40.0,2880.0,10285.71,0.7,2,40.0
2024-05-01,Roupas Íntimas,Nordeste,5400.0,3780.0,ID_48190,12,30.0,1620.0,7714.29,0.4,1,30.0
2024-05-01,Moda Feminina,Centro-Oeste,7500.0,4875.0,ID_50611,43,35.0,2625.0,9375.0,0.7,2,35.0
2024-05-01,Moda Masculina,Centro-Oeste,7000.0,4900.0,ID_98569,19,30.0,2100.0,8750.0,0.4,1,30.0
2024-05-01,Moda Infantil,Centro-Oeste,6000.0,4500.0,ID_18362,17,25.0,1500.0,7500.0,0.4,1,25.0
2024-05-01,Calçados,Centro-Oeste,6500.0,4420.0,ID_45166,29,32.0,2080.0,8125.0,0.4,1,32.0
2024-05-01,Acessórios,Centro-Oeste,5500.0,3960.0,ID_68240,12,28.000000000000004,1540.0,6875.0,0.4,1,28.000000000000004
2024-05-01,Roupas Esportivas,Centro-Oeste,8000.0,4800.0,ID_61816,8,40.0,3200.0,10000.0,0.9,3,40.0
2024-05-01,Roupas Íntimas,Centro-Oeste,6000.0,4200.0,ID_76780,14,30.0,1800.0,7500.0,0.4,1,30.0
2024-05-01,Moda Feminina,Sudeste,9000.0,5850.0,ID_43329,49,35.0,3150.0,10000.0,0.9,3,35.0
2024-05-01,Moda Masculina,Sudeste,8400.0,5880.0,ID_72107,22,30.0,2520.0,9333.33,0.7,2,30.0
2024-05-01,Moda Infantil,Sudeste,7200.0,5400.0,ID_27865,23,25.0,1800.0,8000.0,0.4,1,25.0
2024-05-01,Calçados,Sudeste,7800.0,5304.0,ID_47825,33,32.0,2496.0,8666.67,0.7,2,32.0
2024-05-01,Acessórios,Sudeste,6600.0,4752.0,ID_78846,16,28.000000000000004,1848.0,7333.33,0.4,1,28.000000000000004
2024-05-01,Roupas Esportivas,Sudeste,9600.0,5760.0,ID_26838,9,40.0,3840.0,10666.67,0.9,3,40.0
2024-05-01,Roupas Íntimas,Sudeste,7200.0,5040.0,ID_90079,19,30.0,2160.0,8000.0,0.4,1,30.0
2024-05-01,Moda Feminina,Sul,8250.0,5362.5,ID_99642,45,35.0,2887.5,9705.88,0.9,3,35.0
2024-05-01,Moda Masculina,Sul,7700.0,5390.0,ID_70431,22,30.0,2310.0,9058.82,0.7,2,30.0
2024-05-01,Moda Infantil,Sul,6600.0,4950.0,ID_18256,19,25.0,1650.0,7764.71,0.4,1,25.0
2024-05-01,Calçados,Sul,7150.0,4862.0,ID_72250,32,32.0,2288.0,8411.76,0.4,1,32.0
2024-05-01,Acessórios,Sul,6050.0,4356.0,ID_72700,14,28.000000000000004,1694.0,7117.65,0.4,1,28.000000000000004
2024-05-01,Roupas Esportivas,Sul,8800.0,5280.0,ID_53910,8,40.0,3520.0,10352.94,0.9,3,40.0
2024-05-01,Roupas Íntimas,Sul,6600.0,4620.0,ID_71042,16,30.0,1980.0,7764.71,0.4,1,30.0
2024-06-01,Moda Feminina,Norte,6000.0,3900.0,ID_96515,32,35.0,2100.0,10000.0,0.7,2,35.0
2024-06-01,Moda Masculina,Norte,5600.0,3920.0,ID_88509,16,30.0,1680.0,9333.33,0.4,1,30.0
2024-06-01,Moda Infantil,Norte,4800.0,3600.0,ID_54782,13,25.0,1200.0,8000.0,0.4,1,25.0
2024-06-01,Calçados,Norte,5200.0,3536.0,ID_93659,21,32.0,1664.0,8666.67,0.4,1,32.0
2024-06-01,Acessórios,Norte,4400.0,3168.0,ID_43933,9,28.000000000000004,1232.0,7333.329999999999,0.4,1,28.000000000000004
2024-06-01,Roupas Esportivas,Norte,6400.0,3840.0,ID_45568,6,40.0,2560.0,10666.67,0.7,2,40.0
2024-06-01,Roupas Íntimas,Norte,4800.0,3360.0,ID_44379,11,30.0,1440.0,8000.0,0.4,1,30.0
2024-06-01,Moda Feminina,Nordeste,6750.0,4387.5,ID_45440,41,35.0,2362.5,9642.86,0.7,2,35.0
2024-06-01,Moda Masculina,Nordeste,6300.0,4410.0,ID_33270,19,30.0,1890.0,9000.0,0.4,1,30.0
2024-06-01,Moda Infantil,Nordeste,5400.0,4050.0,ID_75202,18,25.0,1350.0,7714.29,0.4,1,25.0
2024-06-01,Calçados,Nordeste,5850.0,3978.0,ID_86230,28,32.0,1872.0,8357.14,0.4,1,32.0
2024-06-01,Acessórios,Nordeste,4950.0,3564.0,ID_32142,11,28.000000000000004,1386.0,7071.43,0.4,1,28.000000000000004
2024-06-01,Roupas Esportivas,Nordeste,7200.0,4320.0,ID_54483,7,40.0,2880.0,10285.71,0.7,2,40.0
2024-06-01,Roupas Íntimas,Nordeste,5400.0,3780.0,ID_80533,14,30.0,1620.0,7714.29,0.4,1,30.0
2024-06-01,Moda Feminina,Centro-Oeste,7500.0,4875.0,ID_76691,43,35.0,2625.0,9375.0,0.7,2,35.0
2024-06-01,Moda Masculina,Centro-Oeste,7000.0,4900.0,ID_62010,23,30.0,2100.0,8750.0,0.4,1,30.0
2024-06-01,Moda Infantil,Centro-Oeste,6000.0,4500.0,ID_10783,20,25.0,1500.0,7500.0,0.4,1,25.0
2024-06-01,Calçados,Centro-Oeste,6500.0,4420.0,ID_14807,29,32.0,2080.0,8125.0,0.4,1,32.0
2024-06-01,Acessórios,Centro-Oeste,5500.0,3960.0,ID_33537,14,28.000000000000004,1540.0,6875.0,0.4,1,28.000000000000004
2024-06-01,Roupas Esportivas,Centro-Oeste,8000.0,4800.0,ID_56089,8,40.0,3200.0,10000.0,0.9,3,40.0
2024-06-01,Roupas Íntimas,Centro-Oeste,6000.0,4200.0,ID_92090,16,30.0,1800.0,7500.0,0.4,1,30.0
2024-06-01,Moda Feminina,Sudeste,9000.0,5850.0,ID_89516,60,35.0,3150.0,10000.0,0.9,3,35.0
2024-06-01,Moda Masculina,Sudeste,8400.0,5880.0,ID_49694,27,30.0,2520.0,9333.33,0.7,2,30.0
2024-06-01,Moda Infantil,Sudeste,7200.0,5400.0,ID_35681,26,25.0,1800.0,8000.0,0.4,1,25.0
2024-06-01,Calçados,Sudeste,7800.0,5304.0,ID_90092,42,32.0,2496.0,8666.67,0.7,2,32.0
2024-06-01,Acessórios,Sudeste,6600.0,4752.0,ID_54692,18,28.000000000000004,1848.0,7333.33,0.4,1,28.000000000000004
2024-06-01,Roupas Esportivas,Sudeste,9600.0,5760.0,ID_34917,9,40.0,3840.0,10666.67,0.9,3,40.0
2024-06-01,Roupas Íntimas,Sudeste,7200.0,5040.0,ID_17739,21,30.0,2160.0,8000.0,0.4,1,30.0
2024-06-01,Moda Feminina,Sul,8250.0,5362.5,ID_70271,47,35.0,2887.5,9705.88,0.9,3,35.0
2024-06-01,Moda Masculina,Sul,7700.0,5390.0,ID_24450,25,30.0,2310.0,9058.82,0.7,2,30.0
2024-06-01,Moda Infantil,Sul,6600.0,4950.0,ID_86229,22,25.0,1650.0,7764.71,0.4,1,25.0
2024-06-01,Calçados,Sul,7150.0,4862.0,ID_15225,32,32.0,2288.0,8411.76,0.4,1,32.0
2024-06-01,Acessórios,Sul,6050.0,4356.0,ID_51465,14,28.000000000000004,1694.0,7117.65,0.4,1,28.000000000000004
2024-06-01,Roupas Esportivas,Sul,8800.0,5280.0,ID_96204,8,40.0,3520.0,10352.94,0.9,3,40.0
2024-06-01,Roupas Íntimas,Sul,6600.0,4620.0,ID_90538,18,30.0,1980.0,7764.71,0.4,1,30.0
2024-07-01,Moda Feminina,Norte,5400.0,3510.0,ID_20961,41,35.0,1890.0,9000.0,0.4,1,35.0
2024-07-01,Moda Masculina,Norte,5040.0,3528.0,ID_87827,18,30.0,1512.0,8400.0,0.4,1,30.0
2024-07-01,Moda Infantil,Norte,4320.0,3240.0,ID_50341,17,25.0,1080.0,7200.0,0.4,1,25.0
2024-07-01,Calçados,Norte,4680.0,3182.4,ID_50761,32,32.0,1497.6,7800.0,0.4,1,32.0
2024-07-01,Acessórios,Norte,3960.0,2851.2,ID_80846,11,28.000000000000004,1108.8000000000002,6600.0,0.4,1,28.000000000000004
2024-07-01,Roupas Esportivas,Norte,5760.0,3456.0,ID_61493,5,40.0,2304.0,9600.0,0.7,2,40.0
2024-07-01,Roupas Íntimas,Norte,4320.0,3024.0,ID_97309,15,30.0,1296.0,7200.0,0.4,1,30.0
2024-07-01,Moda Feminina,Nordeste,6075.0,3948.75,ID_66376,49,35.0,2126.25,8678.57,0.4,1,35.0
2024-07-01,Moda Masculina,Nordeste,5670.0,3969.0,ID_73143,24,30.0,1701.0,8100.000000000001,0.4,1,30.0
2024-07-01,Moda Infantil,Nordeste,4860.0,3645.0,ID_63027,23,25.0,1215.0,6942.860000000001,0.4,1,25.0
2024-07-01,Calçados,Nordeste,5265.0,3580.2,ID_30430,34,32.00000000000001,1684.8000000000002,7521.43,0.4,1,32.00000000000001
2024-07-01,Acessórios,Nordeste,4455.0,3207.6,ID_31555,15,28.000000000000004,1247.4,6364.29,0.4,1,28.000000000000004
2024-07-01,Roupas Esportivas,Nordeste,6480.0,3888.0,ID_34194,6,40.0,2592.0,9257.14,0.4,2,40.0
2024-07-01,Roupas Íntimas,Nordeste,4860.0,3402.0,ID_22056,17,30.0,1458.0,6942.860000000001,0.4,1,30.0
2024-07-01,Moda Feminina,Centro-Oeste,6750.0,4387.5,ID_48151,60,35.0,2362.5,8437.5,0.4,2,35.0
2024-07-01,Moda Masculina,Centro-Oeste,6300.0,4410.0,ID_51501,29,30.0,1890.0,7875.0,0.4,1,30.0
2024-07-01,Moda Infantil,Centro-Oeste,5400.0,4050.0,ID_37955,27,25.0,1350.0,6750.0,0.4,1,25.0
2024-07-01,Calçados,Centro-Oeste,5850.0,3978.0,ID_26992,43,32.0,1872.0,7312.5,0.4,1,32.0
2024-07-01,Acessórios,Centro-Oeste,4950.0,3564.0,ID_16696,17,28.000000000000004,1386.0,6187.5,0.4,1,28.000000000000004
2024-07-01,Roupas Esportivas,Centro-Oeste,7200.0,4320.0,ID_26041,7,40.0,2880.0,9000.0,0.4,2,40.0
2024-07-01,Roupas Íntimas,Centro-Oeste,5400.0,3780.0,ID_11628,22,30.0,1620.0,6750.0,0.4,1,30.0
2024-07-01,Moda Feminina,Sudeste,8100.0,5265.0,ID_54128,83,35.0,2835.0,9000.0,0.7,2,35.0
2024-07-01,Moda Masculina,Sudeste,7560.0,5292.0,ID_25599,33,30.0,2268.0,8400.0,0.7,2,30.0
2024-07-01,Moda Infantil,Sudeste,6480.0,4860.0,ID_35693,33,25.0,1620.0,7200.0,0.4,1,25.0
2024-07-01,Calçados,Sudeste,7020.0,4773.6,ID_72468,57,31.999999999999996,2246.3999999999996,7800.0,0.4,1,31.999999999999996
2024-07-01,Acessórios,Sudeste,5940.0,4276.8,ID_71620,21,27.999999999999996,1663.1999999999998,6600.0,0.4,1,27.999999999999996
2024-07-01,Roupas Esportivas,Sudeste,8640.0,5184.0,ID_75431,8,40.0,3456.0,9600.0,0.9,3,40.0
2024-07-01,Roupas Íntimas,Sudeste,6480.0,4536.0,ID_71238,26,30.0,1944.0,7200.0,0.4,1,30.0
2024-07-01,Moda Feminina,Sul,7425.0,4826.25,ID_57935,74,35.0,2598.75,8735.29,0.7,2,35.0
2024-07-01,Moda Masculina,Sul,6930.0,4851.0,ID_75775,28,30.0,2079.0,8152.94,0.4,1,30.0
2024-07-01,Moda Infantil,Sul,5940.0,4455.0,ID_24011,28,25.0,1485.0,6988.24,0.4,1,25.0
2024-07-01,Calçados,Sul,6435.0,4375.8,ID_82349,50,31.999999999999996,2059.2,7570.59,0.4,1,31.999999999999996
2024-07-01,Acessórios,Sul,5445.0,3920.4,ID_80292,18,27.999999999999996,1524.6,6405.88,0.4,1,27.999999999999996
2024-07-01,Roupas Esportivas,Sul,7920.0,4752.0,ID_10536,7,40.0,3168.0,9317.65,0.7,2,40.0
2024-07-01,Roupas Íntimas,Sul,5940.0,4158.0,ID_70202,24,30.0,1782.0,6988.24,0.4,1,30.0
2024-08-01,Moda Feminina,Norte,6600.0,4290.0,ID_46800,37,35.0,2310.0,11000.0,0.7,2,35.0
2024-08-01,Moda Masculina,Norte,6160.0,4312.0,ID_50393,19,30.0,1848.0,10266.67,0.7,2,30.0
2024-08-01,Moda Infantil,Norte,5280.0,3960.0,ID_47073,16,25.0,1320.0,8800.0,0.4,1,25.0
2024-08-01,Calçados,Norte,5720.0,3889.6,ID_43400,25,32.0,1830.4,9533.33,0.4,1,32.0
2024-08-01,Acessórios,Norte,4840.0,3484.8,ID_13387,11,27.999999999999996,1355.1999999999998,8066.67,0.4,1,27.999999999999996
2024-08-01,Roupas Esportivas,Norte,7040.0,4224.0,ID_95864,7,40.0,2816.0,11733.33,0.7,2,40.0
2024-08-01,Roupas Íntimas,Norte,5280.0,3696.0,ID_65963,13,30.0,1584.0,8800.0,0.4,1,30.0
2024-08-01,Moda Feminina,Nordeste,7425.0,4826.25,ID_87695,49,35.0,2598.75,10607.14,0.9,3,35.0
2024-08-01,Moda Masculina,Nordeste,6930.0,4851.0,ID_22018,23,30.0,2079.0,9900.0,0.7,2,30.0
2024-08-01,Moda Infantil,Nordeste,5940.0,4455.0,ID_69413,21,25.0,1485.0,8485.71,0.4,1,25.0
2024-08-01,Calçados,Nordeste,6435.0,4375.8,ID_89542,30,31.999999999999996,2059.2,9192.86,0.4,1,31.999999999999996
2024-08-01,Acessórios,Nordeste,5445.0,3920.4,ID_75225,14,27.999999999999996,1524.6,7778.57,0.4,1,27.999999999999996
2024-08-01,Roupas Esportivas,Nordeste,7920.0,4752.0,ID_52290,7,40.0,3168.0,11314.29,0.9,3,40.0
2024-08-01,Roupas Íntimas,Nordeste,5940.0,4158.0,ID_39996,16,30.0,1782.0,8485.71,0.4,1,30.0
2024-08-01,Moda Feminina,Centro-Oeste,8250.0,5362.5,ID_12416,58,35.0,2887.5,10312.5,0.9,3,35.0
2024-08-01,Moda Masculina,Centro-Oeste,7700.0,5390.0,ID_22243,25,30.0,2310.0,9625.0,0.9,2,30.0
2024-08-01,Moda Infantil,Centro-Oeste,6600.0,4950.0,ID_94349,23,25.0,1650.0,8250.0,0.4,1,25.0
2024-08-01,Calçados,Centro-Oeste,7150.0,4862.0,ID_73055,42,32.0,2288.0,8937.5,0.4,1,32.0
2024-08-01,Acessórios,Centro-Oeste,6050.0,4356.0,ID_87603,15,28.000000000000004,1694.0,7562.5,0.4,1,28.000000000000004
2024-08-01,Roupas Esportivas,Centro-Oeste,8800.0,5280.0,ID_77664,8,40.0,3520.0,11000.0,0.9,3,40.0
2024-08-01,Roupas Íntimas,Centro-Oeste,6600.0,4620.0,ID_32010,20,30.0,1980.0,8250.0,0.4,1,30.0
2024-08-01,Moda Feminina,Sudeste,9900.0,6435.0,ID_65980,74,35.0,3465.0,11000.0,0.9,3,35.0
2024-08-01,Moda Masculina,Sudeste,9240.0,6468.0,ID_75771,32,30.0,2772.0,10266.67,0.9,3,30.0
2024-08-01,Moda Infantil,Sudeste,7920.0,5940.0,ID_88373,29,25.0,1980.0,8800.0,0.7,1,25.0
2024-08-01,Calçados,Sudeste,8580.0,5834.4,ID_30145,47,32.00000000000001,2745.6000000000004,9533.33,0.7,2,32.00000000000001
2024-08-01,Acessórios,Sudeste,7260.0,5227.2,ID_88464,20,28.000000000000004,2032.8000000000002,8066.67,0.4,1,28.000000000000004
2024-08-01,Roupas Esportivas,Sudeste,10560.0,6336.0,ID_37592,10,40.0,4224.0,11733.33,0.9,3,40.0
2024-08-01,Roupas Íntimas,Sudeste,7920.0,5544.0,ID_85685,25,30.0,2376.0,8800.0,0.7,2,30.0
2024-08-01,Moda Feminina,Sul,9075.0,5898.75,ID_75821,59,35.0,3176.25,10676.47,0.9,3,35.0
2024-08-01,Moda Masculina,Sul,8470.0,5929.0,ID_88231,29,30.0,2541.0,9964.71,0.9,3,30.0
2024-08-01,Moda Infantil,Sul,7260.0,5445.0,ID_21638,28,25.0,1815.0,8541.18,0.4,1,25.0
2024-08-01,Calçados,Sul,7865.0,5348.2,ID_46051,44,32.0,2516.8,9252.94,0.7,2,32.0
2024-08-01,Acessórios,Sul,6655.0,4791.6,ID_37520,18,27.999999999999996,1863.3999999999996,7829.41,0.4,1,27.999999999999996
2024-08-01,Roupas Esportivas,Sul,9680.0,5808.0,ID_12429,9,40.0,3872.0,11388.24,0.9,3,40.0
2024-08-01,Roupas Íntimas,Sul,7260.0,5082.0,ID_27982,21,30.0,2178.0,8541.18,0.4,1,30.0
2024-09-01,Moda Feminina,Norte,7200.0,4680.0,ID_59475,37,35.0,2520.0,12000.0,0.7,2,35.0
2024-09-01,Moda Masculina,Norte,6720.0,4704.0,ID_63850,18,30.0,2016.0,11200.0,0.7,2,30.0
2024-09-01,Moda Infantil,Norte,5760.0,4320.0,ID_11034,16,25.0,1440.0,9600.0,0.7,1,25.0
2024-09-01,Calçados,Norte,6240.0,4243.2,ID_33988,26,32.0,1996.8000000000002,10400.0,0.7,2,32.0
2024-09-01,Acessórios,Norte,5280.0,3801.6,ID_84772,11,28.000000000000004,1478.4,8800.0,0.4,1,28.000000000000004
2024-09-01,Roupas Esportivas,Norte,7680.0,4608.0,ID_90665,7,40.0,3072.0,12800.0,0.9,3,40.0
2024-09-01,Roupas Íntimas,Norte,5760.0,4032.0,ID_33348,13,30.0,1728.0,9600.0,0.7,2,30.0
2024-09-01,Moda Feminina,Nordeste,8100.0,5265.0,ID_32277,41,35.0,2835.0,11571.43,0.9,3,35.0
2024-09-01,Moda Masculina,Nordeste,7560.0,5292.0,ID_97993,22,30.0,2268.0,10800.0,0.9,2,30.0
2024-09-01,Moda Infantil,Nordeste,6480.0,4860.0,ID_63504,19,25.0,1620.0,9257.14,0.4,1,25.0
2024-09-01,Calçados,Nordeste,7020.0,4773.6,ID_76335,33,31.999999999999996,2246.3999999999996,10028.57,0.7,2,31.999999999999996
2024-09-01,Acessórios,Nordeste,5940.0,4276.8,ID_47514,13,27.999999999999996,1663.1999999999998,8485.71,0.4,1,27.999999999999996
2024-09-01,Roupas Esportivas,Nordeste,8640.0,5184.0,ID_68114,8,40.0,3456.0,12342.86,0.9,3,40.0
2024-09-01,Roupas Íntimas,Nordeste,6480.0,4536.0,ID_63734,16,30.0,1944.0,9257.14,0.4,1,30.0
2024-09-01,Moda Feminina,Centro-Oeste,9000.0,5850.0,ID_30551,50,35.0,3150.0,11250.0,0.9,3,35.0
2024-09-01,Moda Masculina,Centro-Oeste,8400.0,5880.0,ID_47515,24,30.0,2520.0,10500.0,0.9,3,30.0
2024-09-01,Moda Infantil,Centro-Oeste,7200.0,5400.0,ID_24242,23,25.0,1800.0,9000.0,0.4,1,25.0
2024-09-01,Calçados,Centro-Oeste,7800.0,5304.0,ID_20177,37,32.0,2496.0,9750.0,0.9,3,32.0
2024-09-01,Acessórios,Centro-Oeste,6600.0,4752.0,ID_96756,15,28.000000000000004,1848.0,8250.0,0.4,1,28.000000000000004
2024-09-01,Roupas Esportivas,Centro-Oeste,9600.0,5760.0,ID_25516,9,40.0,3840.0,12000.0,0.9,3,40.0
2024-09-01,Roupas Íntimas,Centro-Oeste,7200.0,5040.0,ID_44670,20,30.0,2160.0,9000.0,0.4,1,30.0
2024-09-01,Moda Feminina,Sudeste,10800.0,7020.0,ID_86893,66,35.0,3780.0,12000.0,0.9,3,35.0
2024-09-01,Moda Masculina,Sudeste,10080.0,7056.0,ID_19865,31,30.0,3024.0,11200.0,0.9,3,30.0
2024-09-01,Moda Infantil,Sudeste,8640.0,6480.0,ID_75994,29,25.0,2160.0,9600.0,0.9,2,25.0
2024-09-01,Calçados,Sudeste,9360.0,6364.8,ID_18949,50,32.0,2995.2,10400.0,0.9,3,32.0
2024-09-01,Acessórios,Sudeste,7920.0,5702.4,ID_48676,20,28.000000000000004,2217.6000000000004,8800.0,0.7,1,28.000000000000004
2024-09-01,Roupas Esportivas,Sudeste,11520.0,6912.0,ID_70234,11,40.0,4608.0,12800.0,0.9,3,40.0
2024-09-01,Roupas Íntimas,Sudeste,8640.0,6048.0,ID_65846,24,30.0,2592.0,9600.0,0.9,3,30.0
2024-09-01,Moda Feminina,Sul,9900.0,6435.0,ID_46499,59,35.0,3465.0,11647.06,0.9,3,35.0
2024-09-01,Moda Masculina,Sul,9240.0,6468.0,ID_57352,26,30.0,2772.0,10870.59,0.9,3,30.0
2024-09-01,Moda Infantil,Sul,7920.0,5940.0,ID_50145,26,25.0,1980.0,9317.65,0.7,1,25.0
2024-09-01,Calçados,Sul,8580.0,5834.4,ID_54985,39,32.00000000000001,2745.6000000000004,10094.12,0.9,3,32.00000000000001
2024-09-01,Acessórios,Sul,7260.0,5227.2,ID_85896,17,28.000000000000004,2032.8000000000002,8541.18,0.4,1,28.000000000000004
2024-09-01,Roupas Esportivas,Sul,10560.0,6336.0,ID_64187,10,40.0,4224.0,12423.53,0.9,3,40.0
2024-09-01,Roupas Íntimas,Sul,7920.0,5544.0,ID_40162,22,30.0,2376.0,9317.65,0.7,2,30.0
2024-10-01,Moda Feminina,Norte,7800.0,5070.0,ID_41142,55,35.0,2730.0,13000.0,0.9,3,35.0
2024-10-01,Moda Masculina,Norte,7280.0,5096.0,ID_65891,26,30.0,2184.0,12133.33,0.7,2,30.0
2024-10-01,Moda Infantil,Norte,6240.0,4680.0,ID_91082,25,25.0,1560.0,10400.0,0.7,1,25.0
2024-10-01,Calçados,Norte,6760.0,4596.8,ID_76736,38,31.999999999999996,2163.2,11266.67,0.7,2,31.999999999999996
2024-10-01,Acessórios,Norte,5720.0,4118.4,ID_90596,16,28.000000000000007,1601.6000000000004,9533.33,0.4,1,28.000000000000007
2024-10-01,Roupas Esportivas,Norte,8320.0,4992.0,ID_28476,8,40.0,3328.0,13866.67,0.9,3,40.0
2024-10-01,Roupas Íntimas,Norte,6240.0,4368.0,ID_77309,20,30.0,1872.0,10400.0,0.7,2,30.0
2024-10-01,Moda Feminina,Nordeste,8775.0,5703.75,ID_21252,65,35.0,3071.25,12535.71,0.9,3,35.0
2024-10-01,Moda Masculina,Nordeste,8190.0,5733.0,ID_95122,33,30.0,2457.0,11700.0,0.9,3,30.0
2024-10-01,Moda Infantil,Nordeste,7020.0,5265.0,ID_59519,29,25.0,1755.0,10028.57,0.7,1,25.0
2024-10-01,Calçados,Nordeste,7605.0,5171.4,ID_77151,48,32.00000000000001,2433.6000000000004,10864.29,0.9,3,32.00000000000001
2024-10-01,Acessórios,Nordeste,6435.0,4633.2,ID_77353,20,28.000000000000004,1801.8000000000002,9192.86,0.4,1,28.000000000000004
2024-10-01,Roupas Esportivas,Nordeste,9360.0,5616.0,ID_85505,9,40.0,3744.0,13371.43,0.9,3,40.0
2024-10-01,Roupas Íntimas,Nordeste,7020.0,4914.0,ID_82628,25,30.0,2106.0,10028.57,0.7,2,30.0
2024-10-01,Moda Feminina,Centro-Oeste,9750.0,6337.5,ID_21333,84,35.0,3412.5,12187.5,0.9,3,35.0
2024-10-01,Moda Masculina,Centro-Oeste,9100.0,6370.0,ID_14390,37,30.0,2730.0,11375.0,0.9,3,30.0
2024-10-01,Moda Infantil,Centro-Oeste,7800.0,5850.0,ID_54671,36,25.0,1950.0,9750.0,0.9,2,25.0
2024-10-01,Calçados,Centro-Oeste,8450.0,5746.0,ID_92916,54,32.0,2704.0,10562.5,0.9,3,32.0
2024-10-01,Acessórios,Centro-Oeste,7150.0,5148.0,ID_27954,23,28.000000000000004,2002.0,8937.5,0.4,1,28.000000000000004
2024-10-01,Roupas Esportivas,Centro-Oeste,10400.0,6240.0,ID_47029,10,40.0,4160.0,13000.0,0.9,3,40.0
2024-10-01,Roupas Íntimas,Centro-Oeste,7800.0,5460.0,ID_89775,30,30.0,2340.0,9750.0,0.9,2,30.0
2024-10-01,Moda Feminina,Sudeste,11700.0,7605.0,ID_58987,117,35.0,4095.0,13000.0,0.9,3,35.0
2024-10-01,Moda Masculina,Sudeste,10920.0,7644.0,ID_54665,51,30.0,3276.0,12133.33,0.9,3,30.0
2024-10-01,Moda Infantil,Sudeste,9360.0,7020.0,ID_27630,44,25.0,2340.0,10400.0,0.9,2,25.0
2024-10-01,Calçados,Sudeste,10140.0,6895.2,ID_39234,79,32.0,3244.8,11266.67,0.9,3,32.0
2024-10-01,Acessórios,Sudeste,8580.0,6177.6,ID_85601,28,27.999999999999996,2402.3999999999996,9533.33,0.7,2,27.999999999999996
2024-10-01,Roupas Esportivas,Sudeste,12480.0,7488.0,ID_25214,12,40.0,4992.0,13866.67,0.9,3,40.0
2024-10-01,Roupas Íntimas,Sudeste,9360.0,6552.0,ID_22242,34,30.0,2808.0,10400.0,0.9,3,30.0
2024-10-01,Moda Feminina,Sul,10725.0,6971.25,ID_71417,96,35.0,3753.75,12617.65,0.9,3,35.0
2024-10-01,Moda Masculina,Sul,10010.0,7007.0,ID_30232,42,30.0,3003.0,11776.47,0.9,3,30.0
2024-10-01,Moda Infantil,Sul,8580.0,6435.0,ID_48798,40,25.0,2145.0,10094.12,0.9,2,25.0
2024-10-01,Calçados,Sul,9295.0,6320.6,ID_43103,71,31.999999999999996,2974.3999999999996,10935.29,0.9,3,31.999999999999996
2024-10-01,Acessórios,Sul,7865.0,5662.8,ID_57380,25,27.999999999999996,2202.2,9252.94,0.7,1,27.999999999999996
2024-10-01,Roupas Esportivas,Sul,11440.0,6864.0,ID_78681,11,40.0,4576.0,13458.82,0.9,3,40.0
2024-10-01,Roupas Íntimas,Sul,8580.0,6006.0,ID_20317,34,30.0,2574.0,10094.12,0.9,3,30.0
2024-11-01,Moda Feminina,Norte,9000.0,5850.0,ID_50855,61,35.0,3150.0,15000.0,0.9,3,35.0
2024-11-01,Moda Masculina,Norte,8400.0,5880.0,ID_91858,28,30.0,2520.0,14000.0,0.9,3,30.0
2024-11-01,Moda Infantil,Norte,7200.0,5400.0,ID_94286,28,25.0,1800.0,12000.0,0.7,1,25.0
2024-11-01,Calçados,Norte,7800.0,5304.0,ID_80685,44,32.0,2496.0,13000.0,0.9,3,32.0
2024-11-01,Acessórios,Norte,6600.0,4752.0,ID_36715,17,28.000000000000004,1848.0,11000.0,0.7,1,28.000000000000004
2024-11-01,Roupas Esportivas,Norte,9600.0,5760.0,ID_43659,9,40.0,3840.0,16000.0,0.9,3,40.0
2024-11-01,Roupas Íntimas,Norte,7200.0,5040.0,ID_27722,20,30.0,2160.0,12000.0,0.7,2,30.0
2024-11-01,Moda Feminina,Nordeste,10125.0,6581.25,ID_59528,73,35.0,3543.75,14464.29,0.9,3,35.0
2024-11-01,Moda Masculina,Nordeste,9450.0,6615.0,ID_38589,33,30.0,2835.0,13500.0,0.9,3,30.0
2024-11-01,Moda Infantil,Nordeste,8100.0,6075.0,ID_89494,32,25.0,2025.0,11571.43,0.9,2,25.0
2024-11-01,Calçados,Nordeste,8775.0,5967.0,ID_81121,50,32.0,2808.0,12535.71,0.9,3,32.0
2024-11-01,Acessórios,Nordeste,7425.0,5346.0,ID_44714,20,28.000000000000004,2079.0,10607.14,0.9,2,28.000000000000004
2024-11-01,Roupas Esportivas,Nordeste,10800.0,6480.0,ID_44640,10,40.0,4320.0,15428.57,0.9,3,40.0
2024-11-01,Roupas Íntimas,Nordeste,8100.0,5670.0,ID_93578,26,30.0,2430.0,11571.43,0.9,3,30.0
2024-11-01,Moda Feminina,Centro-Oeste,11250.0,7312.5,ID_81249,90,35.0,3937.5,14062.5,0.9,3,35.0
2024-11-01,Moda Masculina,Centro-Oeste,10500.0,7350.0,ID_47266,39,30.0,3150.0,13125.0,0.9,3,30.0
2024-11-01,Moda Infantil,Centro-Oeste,9000.0,6750.0,ID_29318,38,25.0,2250.0,11250.0,0.9,2,25.0
2024-11-01,Calçados,Centro-Oeste,9750.0,6630.0,ID_38880,68,32.0,3120.0,12187.5,0.9,3,32.0
2024-11-01,Acessórios,Centro-Oeste,8250.0,5940.0,ID_58294,24,28.000000000000004,2310.0,10312.5,0.9,2,28.000000000000004
2024-11-01,Roupas Esportivas,Centro-Oeste,12000.0,7200.0,ID_15812,12,40.0,4800.0,15000.0,0.9,3,40.0
2024-11-01,Roupas Íntimas,Centro-Oeste,9000.0,6300.0,ID_97444,29,30.0,2700.0,11250.0,0.9,3,30.0
2024-11-01,Moda Feminina,Sudeste,13500.0,8775.0,ID_32273,123,35.0,4725.0,15000.0,0.9,3,35.0
2024-11-01,Moda Masculina,Sudeste,12600.0,8820.0,ID_50785,57,30.0,3780.0,14000.0,0.9,3,30.0
2024-11-01,Moda Infantil,Sudeste,10800.0,8100.0,ID_30540,51,25.0,2700.0,12000.0,0.9,2,25.0
2024-11-01,Calçados,Sudeste,11700.0,7956.0,ID_12161,88,32.0,3744.0,13000.0,0.9,3,32.0
2024-11-01,Acessórios,Sudeste,9900.0,7128.0,ID_87195,30,28.000000000000004,2772.0,11000.0,0.9,2,28.000000000000004
2024-11-01,Roupas Esportivas,Sudeste,14400.0,8640.0,ID_86803,14,40.0,5760.0,16000.0,0.9,3,40.0
2024-11-01,Roupas Íntimas,Sudeste,10800.0,7560.0,ID_92950,37,30.0,3240.0,12000.0,0.9,3,30.0
2024-11-01,Moda Feminina,Sul,12375.0,8043.75,ID_13212,93,35.0,4331.25,14558.82,0.9,3,35.0
2024-11-01,Moda Masculina,Sul,11550.0,8085.0,ID_45677,43,30.0,3465.0,13588.24,0.9,3,30.0
2024-11-01,Moda Infantil,Sul,9900.0,7425.0,ID_51801,41,25.0,2475.0,11647.06,0.9,2,25.0
2024-11-01,Calçados,Sul,10725.0,7293.0,ID_61817,77,32.0,3432.0,12617.65,0.9,3,32.0
2024-11-01,Acessórios,Sul,9075.0,6534.0,ID_39402,26,28.000000000000004,2541.0,10676.47,0.9,2,28.000000000000004
2024-11-01,Roupas Esportivas,Sul,13200.0,7920.0,ID_13135,13,40.0,5280.0,15529.409999999998,0.9,3,40.0
2024-11-01,Roupas Íntimas,Sul,9900.0,6930.0,ID_86924,35,30.0,2970.0,11647.06,0.9,3,30.0
2024-12-01,Moda Feminina,Norte,10200.0,6630.0,ID_81583,64,35.0,3570.0,17000.0,0.9,3,35.0
2024-12-01,Moda Masculina,Norte,9520.0,6664.0,ID_42860,32,30.0,2856.0,15866.67,0.9,3,30.0
2024-12-01,Moda Infantil,Norte,8160.0,6120.0,ID_27636,29,25.0,2040.0,13600.0,0.9,2,25.0
2024-12-01,Calçados,Norte,8840.0,6011.2,ID_62108,46,32.0,2828.8,14733.33,0.9,3,32.0
2024-12-01,Acessórios,Norte,7480.0,5385.6,ID_61626,20,27.999999999999996,2094.3999999999996,12466.669999999998,0.9,2,27.999999999999996
2024-12-01,Roupas Esportivas,Norte,10880.0,6528.0,ID_47720,10,40.0,4352.0,18133.33,0.9,3,40.0
2024-12-01,Roupas Íntimas,Norte,8160.0,5712.0,ID_24494,25,30.0,2448.0,13600.0,0.9,3,30.0
2024-12-01,Moda Feminina,Nordeste,11475.0,7458.75,ID_93215,89,35.0,4016.25,16392.86,0.9,3,35.0
2024-12-01,Moda Masculina,Nordeste,10710.0,7497.0,ID_42091,39,30.0,3213.0,15300.000000000002,0.9,3,30.0
2024-12-01,Moda Infantil,Nordeste,9180.0,6885.0,ID_24704,38,25.0,2295.0,13114.29,0.9,2,25.0
2024-12-01,Calçados,Nordeste,9945.0,6762.6,ID_61738,65,31.999999999999996,3182.3999999999996,14207.14,0.9,3,31.999999999999996
2024-12-01,Acessórios,Nordeste,8415.0,6058.8,ID_29453,22,27.999999999999996,2356.2,12021.43,0.9,2,27.999999999999996
2024-12-01,Roupas Esportivas,Nordeste,12240.0,7344.0,ID_80256,12,40.0,4896.0,17485.71,0.9,3,40.0
2024-12-01,Roupas Íntimas,Nordeste,9180.0,6426.0,ID_93644,29,30.0,2754.0,13114.29,0.9,3,30.0
2024-12-01,Moda Feminina,Centro-Oeste,12750.0,8287.5,ID_64160,110,35.0,4462.5,15937.5,0.9,3,35.0
2024-12-01,Moda Masculina,Centro-Oeste,11900.0,8330.0,ID_99057,50,30.0,3570.0,14875.0,0.9,3,30.0
2024-12-01,Moda Infantil,Centro-Oeste,10200.0,7650.0,ID_80216,46,25.0,2550.0,12750.0,0.9,2,25.0
2024-12-01,Calçados,Centro-Oeste,11050.0,7514.0,ID_52803,77,32.0,3536.0,13812.5,0.9,3,32.0
2024-12-01,Acessórios,Centro-Oeste,9350.0,6732.0,ID_73171,30,28.000000000000004,2618.0,11687.5,0.9,2,28.000000000000004
2024-12-01,Roupas Esportivas,Centro-Oeste,13600.0,8160.0,ID_34039,13,40.0,5440.0,17000.0,0.9,3,40.0
2024-12-01,Roupas Íntimas,Centro-Oeste,10200.0,7140.0,ID_18390,37,30.0,3060.0,12750.0,0.9,3,30.0
2024-12-01,Moda Feminina,Sudeste,15300.0,9945.0,ID_91350,122,35.0,5355.0,17000.0,0.9,3,35.0
2024-12-01,Moda Masculina,Sudeste,14280.0,9996.0,ID_98012,63,30.0,4284.0,15866.67,0.9,3,30.0
2024-12-01,Moda Infantil,Sudeste,12240.0,9180.0,ID_28617,56,25.0,3060.0,13600.0,0.9,2,25.0
2024-12-01,Calçados,Sudeste,13260.0,9016.8,ID_33511,90,32.00000000000001,4243.200000000001,14733.33,0.9,3,32.00000000000001
2024-12-01,Acessórios,Sudeste,11220.0,8078.4,ID_43866,34,28.000000000000004,3141.6000000000004,12466.67,0.9,2,28.000000000000004
2024-12-01,Roupas Esportivas,Sudeste,16320.0,9792.0,ID_64276,16,40.0,6528.0,18133.33,0.9,3,40.0
2024-12-01,Roupas Íntimas,Sudeste,12240.0,8568.0,ID_85258,47,30.0,3672.0,13600.0,0.9,3,30.0
2024-12-01,Moda Feminina,Sul,14025.0,9116.25,ID_51109,107,35.0,4908.75,16500.0,0.9,3,35.0
2024-12-01,Moda Masculina,Sul,13090.0,9163.0,ID_81030,53,30.0,3927.0,15400.0,0.9,3,30.0
2024-12-01,Moda Infantil,Sul,11220.0,8415.0,ID_91654,48,25.0,2805.0,13200.0,0.9,2,25.0
2024-12-01,Calçados,Sul,12155.0,8265.4,ID_83791,74,32.0,3889.6000000000004,14300.0,0.9,3,32.0
2024-12-01,Acessórios,Sul,10285.0,7405.2,ID_67601,30,28.000000000000004,2879.8,12100.0,0.9,2,28.000000000000004
2024-12-01,Roupas Esportivas,Sul,14960.0,8976.0,ID_43465,14,40.0,5984.0,17600.0,0.9,3,40.0
2024-12-01,Roupas Íntimas,Sul,11220.0,7854.0,ID_46723,41,30.0,3366.0,13200.0,0.9,3,30.0
2025-01-01,Moda Feminina,Norte,4800.0,3120.0,ID_71063,36,35.0,1680.0,8000.0,0.4,1,35.0
2025-01-01,Moda Masculina,Norte,4480.0,3136.0,ID_34864,16,30.0,1344.0,7466.67,0.4,1,30.0
2025-01-01,Moda Infantil,Norte,3840.0,2880.0,ID_47580,15,25.0,960.0,6400.0,0.4,1,25.0
2025-01-01,Calçados,Norte,4160.0,2828.8,ID_78248,27,31.999999999999996,1331.1999999999998,6933.33,0.4,1,31.999999999999996
2025-01-01,Acessórios,Norte,3520.0,2534.4,ID_57694,10,27.999999999999996,985.5999999999999,5866.67,0.4,1,27.999999999999996
2025-01-01,Roupas Esportivas,Norte,5120.0,3072.0,ID_39500,5,40.0,2048.0,8533.33,0.4,1,40.0
2025-01-01,Roupas Íntimas,Norte,3840.0,2688.0,ID_52727,12,30.0,1152.0,6400.0,0.4,1,30.0
2025-01-01,Moda Feminina,Nordeste,5400.0,3510.0,ID_83263,45,35.0,1890.0,7714.29,0.4,1,35.0
2025-01-01,Moda Masculina,Nordeste,5040.0,3528.0,ID_40342,19,30.0,1512.0,7200.000000000001,0.4,1,30.0
2025-01-01,Moda Infantil,Nordeste,4320.0,3240.0,ID_50538,17,25.0,1080.0,6171.43,0.4,1,25.0
2025-01-01,Calçados,Nordeste,4680.0,3182.4,ID_16300,30,32.0,1497.6,6685.710000000001,0.4,1,32.0
2025-01-01,Acessórios,Nordeste,3960.0,2851.2,ID_49965,12,28.000000000000004,1108.8000000000002,5657.14,0.4,1,28.000000000000004
2025-01-01,Roupas Esportivas,Nordeste,5760.0,3456.0,ID_80008,5,40.0,2304.0,8228.57,0.4,1,40.0
2025-01-01,Roupas Íntimas,Nordeste,4320.0,3024.0,ID_79062,15,30.0,1296.0,6171.43,0.4,1,30.0
2025-01-01,Moda Feminina,Centro-Oeste,6000.0,3900.0,ID_63512,56,35.0,2100.0,7500.0,0.4,1,35.0
2025-01-01,Moda Masculina,Centro-Oeste,5600.0,3920.0,ID_12382,25,30.0,1680.0,7000.0,0.4,1,30.0
2025-01-01,Moda Infantil,Centro-Oeste,4800.0,3600.0,ID_56231,23,25.0,1200.0,6000.0,0.4,1,25.0
2025-01-01,Calçados,Centro-Oeste,5200.0,3536.0,ID_54191,36,32.0,1664.0,6500.0,0.4,1,32.0
2025-01-01,Acessórios,Centro-Oeste,4400.0,3168.0,ID_23503,14,28.000000000000004,1232.0,5500.0,0.4,1,28.000000000000004
2025-01-01,Roupas Esportivas,Centro-Oeste,6400.0,3840.0,ID_67192,6,40.0,2560.0,8000.0,0.4,2,40.0
2025-01-01,Roupas Íntimas,Centro-Oeste,4800.0,3360.0,ID_33955,18,30.0,1440.0,6000.0,0.4,1,30.0
2025-01-01,Moda Feminina,Sudeste,7200.0,4680.0,ID_23432,73,35.0,2520.0,8000.0,0.4,2,35.0
2025-01-01,Moda Masculina,Sudeste,6720.0,4704.0,ID_96042,29,30.0,2016.0,7466.67,0.4,1,30.0
2025-01-01,Moda Infantil,Sudeste,5760.0,4320.0,ID_16400,28,25.0,1440.0,6400.0,0.4,1,25.0
2025-01-01,Calçados,Sudeste,6240.0,4243.2,ID_66322,46,32.0,1996.8000000000002,6933.33,0.4,1,32.0
2025-01-01,Acessórios,Sudeste,5280.0,3801.6,ID_97521,19,28.000000000000004,1478.4,5866.67,0.4,1,28.000000000000004
2025-01-01,Roupas Esportivas,Sudeste,7680.0,4608.0,ID_52603,7,40.0,3072.0,8533.33,0.7,2,40.0
2025-01-01,Roupas Íntimas,Sudeste,5760.0,4032.0,ID_89615,23,30.0,1728.0,6400.0,0.4,1,30.0
2025-01-01,Moda Feminina,Sul,6600.0,4290.0,ID_67296,60,35.0,2310.0,7764.71,0.4,1,35.0
2025-01-01,Moda Masculina,Sul,6160.0,4312.0,ID_81369,27,30.0,1848.0,7247.06,0.4,1,30.0
2025-01-01,Moda Infantil,Sul,5280.0,3960.0,ID_67161,23,25.0,1320.0,6211.76,0.4,1,25.0
2025-01-01,Calçados,Sul,5720.0,3889.6,ID_99650,42,32.0,1830.4,6729.41,0.4,1,32.0
2025-01-01,Acessórios,Sul,4840.0,3484.8,ID_95458,17,27.999999999999996,1355.1999999999998,5694.12,0.4,1,27.999999999999996
2025-01-01,Roupas Esportivas,Sul,7040.0,4224.0,ID_25869,7,40.0,2816.0,8282.35,0.4,2,40.0
2025-01-01,Roupas Íntimas,Sul,5280.0,3696.0,ID_87859,20,30.0,1584.0,6211.76,0.4,1,30.0
